id,name,description,created_at,updated_at
1,Rerum excepturi totam.,Et ut quaerat ut veniam a saepe voluptas omnis perferendis.,2025-04-05 22:16:47.596585+00,2025-04-05 22:16:47.596585+00
2,Rerum quod et.,Repellat et totam assumenda et dolorem voluptates alias esse aut.,2025-04-05 22:16:47.603965+00,2025-04-05 22:16:47.603965+00
3,Tenetur recusandae quo.,Nisi qui dolor sint qui aut itaque dolor deleniti asperiores.,2025-04-05 22:16:47.611456+00,2025-04-05 22:16:47.611456+00
4,Nobis cum sit.,Et soluta repellendus a ea et quas laboriosam qui porro.,2025-04-05 22:16:47.61418+00,2025-04-05 22:16:47.61418+00
5,Enim cumque quia.,Quia qui in qui saepe est ea iste incidunt quidem.,2025-04-05 22:16:47.618856+00,2025-04-05 22:16:47.618856+00
6,Quod dolorem quae.,Placeat rerum alias neque et sint distinctio fugit quae tempora.,2025-04-05 22:16:47.621927+00,2025-04-05 22:16:47.621927+00
7,Dolor ullam odio.,Ex dolores et distinctio laborum eum provident labore iusto quas.,2025-04-05 22:16:47.625695+00,2025-04-05 22:16:47.625695+00
8,Ut odit repellendus.,Corrupti enim ducimus occaecati fuga minima voluptate eius numquam illum.,2025-04-05 22:16:47.628694+00,2025-04-05 22:16:47.628694+00
9,Asperiores perspiciatis corrupti.,Sint et voluptates qui accusantium quia in provident dolor fugiat.,2025-04-05 22:16:47.633714+00,2025-04-05 22:16:47.633714+00
10,Ipsam sit similique.,Mollitia quas voluptatibus dolorem quae dolor porro eos occaecati quisquam.,2025-04-05 22:16:47.637816+00,2025-04-05 22:16:47.637816+00
11,Facilis animi mollitia.,Et officia ipsam facere eius debitis quos quisquam odit molestiae.,2025-04-05 22:16:47.642468+00,2025-04-05 22:16:47.642468+00
12,Odio ut pariatur.,Et magni aliquam et fuga saepe perferendis non enim tempore.,2025-04-05 22:16:47.646087+00,2025-04-05 22:16:47.646087+00
13,Quia nihil aliquid.,Illo architecto omnis numquam nemo inventore qui earum accusamus est.,2025-04-05 22:16:47.655928+00,2025-04-05 22:16:47.659638+00
15,Et hic dolorem.,Velit eos a quia possimus eaque velit doloribus provident et.,2025-04-05 22:16:48.552389+00,2025-04-05 22:16:48.552389+00
16,Vel odit necessitatibus.,Corporis et nihil deserunt nobis et facilis dolores est quia.,2025-04-05 22:16:49.83273+00,2025-04-05 22:16:49.83273+00
17,Quas reprehenderit modi.,Saepe ullam accusantium sint adipisci commodi maxime aut soluta quis.,2025-04-05 22:16:51.128795+00,2025-04-05 22:16:51.128795+00
18,Doloremque omnis ratione.,Et modi autem aut exercitationem dignissimos sapiente sint fugit magnam.,2025-04-05 22:16:51.514554+00,2025-04-05 22:16:51.514554+00
19,Sed facilis cupiditate.,Cum temporibus harum labore illum veniam corrupti quod a soluta.,2025-04-05 22:16:51.87236+00,2025-04-05 22:16:51.87236+00
20,Ad aut quidem.,Quia vitae accusantium eligendi repellendus provident nisi aut atque dolor.,2025-04-05 22:16:52.264914+00,2025-04-05 22:16:52.264914+00
21,Saepe omnis laudantium.,Facere placeat aut adipisci deserunt inventore temporibus inventore sed voluptate.,2025-04-05 22:16:52.615514+00,2025-04-05 22:16:52.615514+00
22,Aut sint ut.,Non et ut possimus eum consectetur similique minima facilis autem.,2025-04-05 22:16:52.968453+00,2025-04-05 22:16:52.968453+00
23,Ea eligendi quod.,Quasi ea ut animi at suscipit facere sunt consequatur magni.,2025-04-05 22:16:53.314256+00,2025-04-05 22:16:53.314256+00
24,Debitis perferendis repellendus.,Ut sed rerum non error expedita nulla quam et iste.,2025-04-05 22:16:53.659309+00,2025-04-05 22:16:53.659309+00
25,Suscipit ratione sapiente.,Ex officia aliquam rerum ipsa placeat est sequi quasi quae.,2025-04-05 22:16:53.996196+00,2025-04-05 22:16:53.996196+00
26,Quae sed laboriosam.,Quo natus omnis sint autem voluptatem deserunt est veniam adipisci.,2025-04-05 22:16:54.343083+00,2025-04-05 22:16:54.343083+00
27,Aut quam voluptas.,Quidem ipsa sint sit autem quia reiciendis expedita impedit esse.,2025-04-05 22:16:55.552118+00,2025-04-05 22:16:55.552118+00
28,Quisquam sapiente error.,Velit ad sequi quaerat doloremque similique molestias inventore aut accusantium.,2025-04-05 22:16:56.701157+00,2025-04-05 22:16:56.701157+00
29,Doloribus asperiores nihil.,Corrupti eum veniam veniam quam aut voluptatem expedita voluptatem beatae.,2025-04-05 22:16:57.880892+00,2025-04-05 22:16:57.880892+00
30,A totam adipisci.,Porro nostrum aliquid est blanditiis et qui repudiandae corrupti nulla.,2025-04-05 22:16:59.04743+00,2025-04-05 22:16:59.04743+00
31,Earum quas nihil.,Qui necessitatibus sed illum accusamus est et rerum laborum et.,2025-04-05 22:17:00.223463+00,2025-04-05 22:17:00.223463+00
32,Maiores sunt laborum.,Iure deleniti eos eum assumenda ut non numquam officiis cum.,2025-04-05 22:17:01.402225+00,2025-04-05 22:17:01.402225+00
33,Placeat dignissimos esse.,Consequatur id pariatur explicabo sunt recusandae suscipit voluptas nemo omnis.,2025-04-05 22:17:02.579225+00,2025-04-05 22:17:02.579225+00
34,Illo quis quis.,Facilis at ex aut voluptate tempora dignissimos exercitationem adipisci reiciendis.,2025-04-05 22:17:03.74605+00,2025-04-05 22:17:03.74605+00
35,Commodi dolores iure.,Perferendis deserunt ut et ratione rem velit et adipisci quos.,2025-04-05 22:17:04.938031+00,2025-04-05 22:17:04.938031+00
36,Tempore occaecati dolorem.,Non repudiandae velit maiores qui et officia optio magni ipsum.,2025-04-05 22:17:06.119075+00,2025-04-05 22:17:06.119075+00
37,Distinctio molestiae eos.,Suscipit deserunt doloremque dignissimos soluta vitae blanditiis numquam fuga cum.,2025-04-05 22:17:07.301035+00,2025-04-05 22:17:07.301035+00
38,Quis delectus assumenda.,Exercitationem repellendus ut ut aliquam in qui repellendus hic distinctio.,2025-04-05 22:17:07.699252+00,2025-04-05 22:17:07.699252+00
39,Quidem accusamus labore.,Nemo eligendi nesciunt dolorem perspiciatis dicta aut dolorum quas autem.,2025-04-05 22:17:20.437658+00,2025-04-05 22:17:20.437658+00
40,Voluptatem vitae et.,Minima consequatur provident officia qui molestiae veritatis ullam voluptatem quia.,2025-04-05 22:17:21.630911+00,2025-04-05 22:17:21.630911+00
41,Quod totam minus.,Quasi nam nihil voluptas similique est voluptatem iusto voluptates dolores.,2025-04-05 22:17:22.819317+00,2025-04-05 22:17:22.819317+00
42,Consequatur nihil tempora.,Perferendis natus aut soluta odio dicta consequatur animi a non.,2025-04-05 22:17:23.32842+00,2025-04-05 22:17:23.32842+00
43,Repellendus illo voluptatem.,Odio asperiores alias enim voluptatibus ut explicabo necessitatibus et quia.,2025-04-05 22:17:23.894074+00,2025-04-05 22:17:23.894074+00
44,Voluptatibus ut voluptates.,Consequuntur quia et perspiciatis qui molestiae iusto aut ut et.,2025-04-05 22:17:24.276153+00,2025-04-05 22:17:24.276153+00
45,Quis placeat dolorem.,Voluptas qui est vel eius reprehenderit autem doloremque quos veniam.,2025-04-05 22:17:24.656955+00,2025-04-05 22:17:24.656955+00
46,Id et atque.,Dignissimos debitis culpa voluptas dolores ex sed et natus et.,2025-04-05 22:17:25.023248+00,2025-04-05 22:17:25.023248+00
47,Earum assumenda perferendis.,Minima sed nihil qui quo nisi ad quos similique tempora.,2025-04-05 22:17:25.402362+00,2025-04-05 22:17:25.402362+00
48,Et voluptatem alias.,Ut fugit sit deleniti dolorum corrupti accusantium excepturi velit et.,2025-04-05 22:17:25.766175+00,2025-04-05 22:17:25.766175+00
49,Aut magni et.,Ut quisquam maxime consequatur laborum veniam sunt perspiciatis dolor aspernatur.,2025-04-05 22:17:26.110319+00,2025-04-05 22:17:26.110319+00
50,Maxime quia animi.,Velit non unde aspernatur doloribus quo quia est nihil et.,2025-04-05 22:17:26.461855+00,2025-04-05 22:17:26.461855+00
51,Maxime corrupti veritatis.,Aut iure omnis dolores corporis et libero harum voluptate nulla.,2025-04-05 22:17:27.662917+00,2025-04-05 22:17:27.662917+00
52,Ipsam et doloribus.,Consequatur qui cum consequatur est est harum sed debitis mollitia.,2025-04-05 22:17:28.853214+00,2025-04-05 22:17:28.853214+00
53,Nesciunt sint in.,Iure ut totam quae consectetur ipsum distinctio in reiciendis molestias.,2025-04-05 22:17:50.064054+00,2025-04-05 22:17:50.064054+00
54,Et cum sit.,Est quisquam dolorem autem nobis officiis magni pariatur ea quod.,2025-04-05 22:17:50.408891+00,2025-04-05 22:17:50.408891+00
55,Tempora voluptas officia.,Laboriosam et eaque quo ut a maxime quas minima voluptatem.,2025-04-05 22:17:50.868912+00,2025-04-05 22:17:50.868912+00
56,Molestias explicabo facere.,Vel ut quo possimus incidunt vitae occaecati qui eos voluptatem.,2025-04-05 22:17:51.287245+00,2025-04-05 22:17:51.287245+00
57,Et qui quae.,Nostrum vel aut beatae quas doloribus vel aut quis et.,2025-04-05 22:17:51.638356+00,2025-04-05 22:17:51.638356+00
58,Pariatur alias iure.,Soluta placeat ullam soluta nam est et commodi quas ipsum.,2025-04-05 22:17:51.981204+00,2025-04-05 22:17:51.981204+00
59,Corporis nihil quia.,Eveniet est necessitatibus labore cupiditate dolorum deserunt harum et ipsam.,2025-04-05 22:17:52.337929+00,2025-04-05 22:17:52.337929+00
60,Commodi id culpa.,Libero corporis cupiditate ipsa consectetur nisi est recusandae quaerat voluptas.,2025-04-05 22:17:52.672802+00,2025-04-05 22:17:52.672802+00
61,Quis facere quasi.,Rerum quam doloremque vel recusandae tempore impedit voluptatem deleniti et.,2025-04-05 22:17:53.042542+00,2025-04-05 22:17:53.042542+00
62,Et ipsam quas.,Delectus deserunt dolorum voluptatem repudiandae vero omnis soluta sed labore.,2025-04-05 22:17:53.386434+00,2025-04-05 22:17:53.386434+00
63,Error nostrum possimus.,Explicabo ducimus consequatur sunt nihil tempore numquam quisquam inventore atque.,2025-04-05 22:17:53.715757+00,2025-04-05 22:17:53.715757+00
64,Explicabo velit aut.,Distinctio nam maiores et ipsam excepturi dolor non assumenda illum.,2025-04-05 22:17:54.052146+00,2025-04-05 22:17:54.052146+00
65,Veniam facilis deleniti.,Sint ab et maxime et sint mollitia aliquid odit perferendis.,2025-04-05 22:17:54.390293+00,2025-04-05 22:17:54.390293+00
66,Incidunt quibusdam ipsum.,Dolorum sed aliquid atque quibusdam harum sapiente a ut nihil.,2025-04-05 22:17:54.731074+00,2025-04-05 22:17:54.731074+00
67,Voluptas ut velit.,Facilis et quidem rerum soluta enim ut quia est voluptates.,2025-04-05 22:17:55.079764+00,2025-04-05 22:17:55.079764+00
68,Eos incidunt cumque.,Rerum veniam aut inventore ut dolor sit quia accusamus dolore.,2025-04-05 22:17:55.456422+00,2025-04-05 22:17:55.456422+00
69,Ipsam molestiae dolor.,Soluta iusto consequatur repellendus hic assumenda quibusdam blanditiis vero dolorum.,2025-04-05 22:17:56.069537+00,2025-04-05 22:17:56.069537+00
70,Reiciendis accusantium ut.,Iusto ut consequatur doloribus et vitae eos est neque illo.,2025-04-05 22:17:56.426096+00,2025-04-05 22:17:56.426096+00
71,Omnis delectus esse.,Qui voluptas quas distinctio velit ratione facilis id voluptatem occaecati.,2025-04-05 22:17:56.783091+00,2025-04-05 22:17:56.783091+00
72,Autem deleniti velit.,Accusantium numquam rerum vitae harum quasi vero suscipit quia aut.,2025-04-05 22:17:57.128282+00,2025-04-05 22:17:57.128282+00
73,Repudiandae repudiandae id.,Sit voluptate quae assumenda tempore fugit sint atque blanditiis omnis.,2025-04-05 22:17:57.530783+00,2025-04-05 22:17:57.530783+00
74,Voluptas perferendis aperiam.,Harum voluptas corporis voluptate atque sapiente dolores dolore omnis commodi.,2025-04-05 22:17:57.903461+00,2025-04-05 22:17:57.903461+00
75,Qui asperiores impedit.,Asperiores rem reiciendis in quia necessitatibus aliquid alias aut vel.,2025-04-05 22:17:58.257506+00,2025-04-05 22:17:58.257506+00
76,Nihil beatae voluptatem.,Eaque iure delectus recusandae aut nemo accusantium ea architecto harum.,2025-04-05 22:17:58.592886+00,2025-04-05 22:17:58.592886+00
77,Reiciendis cupiditate accusamus.,Aliquam aliquid culpa ut voluptatibus sapiente et quia nihil sint.,2025-04-05 22:17:58.925613+00,2025-04-05 22:17:58.925613+00
78,Accusamus repellendus commodi.,Nihil ut numquam quidem fuga amet maxime soluta porro non.,2025-04-05 22:17:59.266428+00,2025-04-05 22:17:59.266428+00
79,Similique similique ab.,Velit id et sint minima officiis reprehenderit illum fugiat commodi.,2025-04-05 22:17:59.610727+00,2025-04-05 22:17:59.610727+00
80,Ut dolore tempora.,Non atque dolorum accusantium et quia aut tenetur ipsum officia.,2025-04-05 22:17:59.957999+00,2025-04-05 22:17:59.957999+00
81,Voluptatibus commodi qui.,Et accusantium voluptas sunt omnis ad doloribus quod minus necessitatibus.,2025-04-05 22:18:00.428093+00,2025-04-05 22:18:00.428093+00
82,Nihil nesciunt optio.,Ut laboriosam sed quia et tempora quo voluptas pariatur velit.,2025-04-05 22:18:01.793552+00,2025-04-05 22:18:01.793552+00
83,Eum perferendis voluptatum.,Odio voluptatem natus nulla qui facere accusantium mollitia itaque ratione.,2025-04-05 22:18:03.008939+00,2025-04-05 22:18:03.008939+00
84,Tenetur voluptatem aperiam.,Dolores voluptas totam sequi sit maxime ipsum eos aliquam praesentium.,2025-04-05 22:18:03.384414+00,2025-04-05 22:18:03.384414+00
85,Praesentium in exercitationem.,Quia delectus natus iste quia inventore voluptatibus laborum in qui.,2025-04-05 22:18:12.89244+00,2025-04-05 22:18:12.89244+00
86,Eligendi et eos.,Explicabo quo voluptatibus quod consequuntur mollitia rerum et libero nemo.,2025-04-05 22:18:23.520167+00,2025-04-05 22:18:23.520167+00
87,Et autem adipisci.,Quo officia soluta rerum incidunt et dolorum aut culpa quae.,2025-04-05 22:18:24.965448+00,2025-04-05 22:18:24.965448+00
88,Et libero ab.,Rem porro eum ea eaque distinctio dolores nihil quo officia.,2025-04-05 22:18:26.239184+00,2025-04-05 22:18:26.239184+00
89,Incidunt blanditiis repellat.,Voluptatum tempora aperiam velit eius eveniet libero odio eveniet qui.,2025-04-06 09:47:59.080811+00,2025-04-06 09:47:59.080811+00
90,Dolorem necessitatibus est.,Illo reprehenderit magnam eum dolorum deserunt quasi aut ut voluptatem.,2025-04-06 09:47:59.087374+00,2025-04-06 09:47:59.087374+00
91,Quasi animi tenetur.,Quisquam qui ut sit et molestias temporibus error voluptas pariatur.,2025-04-06 09:47:59.098057+00,2025-04-06 09:47:59.098057+00
92,Voluptates pariatur aut.,Aperiam adipisci facere est neque omnis assumenda veritatis ut sed.,2025-04-06 09:47:59.101557+00,2025-04-06 09:47:59.101557+00
93,Libero culpa qui.,Totam minima recusandae iusto esse excepturi dicta et autem sit.,2025-04-06 09:47:59.106863+00,2025-04-06 09:47:59.106863+00
94,Impedit mollitia et.,Pariatur distinctio nisi id veniam cupiditate veritatis reiciendis omnis voluptates.,2025-04-06 09:47:59.111468+00,2025-04-06 09:47:59.111468+00
95,Animi id incidunt.,Ut qui enim provident nam est explicabo provident accusamus hic.,2025-04-06 09:47:59.116573+00,2025-04-06 09:47:59.116573+00
96,Et voluptatum cumque.,Sapiente sit fuga itaque a itaque sed expedita autem ea.,2025-04-06 09:47:59.119887+00,2025-04-06 09:47:59.119887+00
97,Qui qui explicabo.,Dolorem animi asperiores ratione distinctio reiciendis ea ipsam possimus cupiditate.,2025-04-06 09:47:59.124432+00,2025-04-06 09:47:59.124432+00
98,Aperiam ut fuga.,Sunt officia culpa amet eligendi dolorem eos consectetur sint porro.,2025-04-06 09:47:59.128658+00,2025-04-06 09:47:59.128658+00
99,Impedit labore in.,Sit ut vero harum ipsa eaque sed repudiandae tenetur veritatis.,2025-04-06 09:47:59.132741+00,2025-04-06 09:47:59.132741+00
100,Et magni aut.,Eum asperiores sint deserunt hic asperiores enim quasi blanditiis totam.,2025-04-06 09:47:59.135636+00,2025-04-06 09:47:59.135636+00
101,Sit temporibus dolorum.,Quae delectus laborum autem iusto earum in quaerat blanditiis labore.,2025-04-06 09:47:59.143311+00,2025-04-06 09:47:59.147649+00
103,Omnis asperiores modi.,In voluptatem eius laborum quae expedita laudantium aliquid vitae odio.,2025-04-06 09:48:00.161424+00,2025-04-06 09:48:00.161424+00
104,Et et sequi.,Sint odit et dolorem quis et exercitationem molestias sunt et.,2025-04-06 09:48:01.530386+00,2025-04-06 09:48:01.530386+00
105,Rerum reiciendis natus.,Excepturi dolore ad sequi quis quo aperiam et exercitationem accusantium.,2025-04-06 09:48:02.850341+00,2025-04-06 09:48:02.850341+00
106,Suscipit distinctio illum.,Autem in aliquam laudantium dolores repellendus consectetur ut neque enim.,2025-04-06 09:48:03.204766+00,2025-04-06 09:48:03.204766+00
107,Sapiente nihil ut.,Non qui dolorem aut modi ea aut voluptatem molestiae eum.,2025-04-06 09:48:03.573625+00,2025-04-06 09:48:03.573625+00
108,Sunt labore ut.,Occaecati quos aut omnis nisi doloribus quibusdam ea qui odit.,2025-04-06 09:48:03.934495+00,2025-04-06 09:48:03.934495+00
109,Eos harum voluptatem.,Aliquam tempora animi ex consequuntur aperiam doloribus et mollitia voluptatem.,2025-04-06 09:48:04.299523+00,2025-04-06 09:48:04.299523+00
110,Ut omnis cumque.,Odio magni fugit nemo veritatis molestiae qui quae dolore non.,2025-04-06 09:48:04.664976+00,2025-04-06 09:48:04.664976+00
111,Ut dignissimos in.,Voluptas eligendi veritatis quod officia quidem non eum ea rem.,2025-04-06 09:48:05.03866+00,2025-04-06 09:48:05.03866+00
112,Aut odit in.,Praesentium atque repudiandae quidem voluptatem voluptas ea recusandae molestiae consequatur.,2025-04-06 09:48:05.401852+00,2025-04-06 09:48:05.401852+00
113,Veniam illo necessitatibus.,Qui mollitia molestiae ut officia autem magni aut qui mollitia.,2025-04-06 09:48:05.773687+00,2025-04-06 09:48:05.773687+00
114,Optio at doloribus.,Rerum tenetur architecto quas quo et facilis atque iure et.,2025-04-06 09:48:06.125857+00,2025-04-06 09:48:06.125857+00
115,Alias totam qui.,Iste ipsa accusantium voluptatum ducimus eligendi repellat voluptas officia aperiam.,2025-04-06 09:48:07.419667+00,2025-04-06 09:48:07.419667+00
116,Doloribus qui esse.,Non et necessitatibus fuga sed ab eius at quam autem.,2025-04-06 09:48:08.703949+00,2025-04-06 09:48:08.703949+00
117,Aut rerum itaque.,Quia minima animi ut provident provident quam magnam accusamus omnis.,2025-04-06 09:48:09.973214+00,2025-04-06 09:48:09.973214+00
118,Iusto praesentium non.,Voluptatum maiores est aut animi explicabo aliquid at repellat impedit.,2025-04-06 09:48:11.244126+00,2025-04-06 09:48:11.244126+00
119,Adipisci impedit ab.,Ipsam non consequatur laboriosam quibusdam dolore rerum aperiam voluptatibus voluptatem.,2025-04-06 09:48:12.557485+00,2025-04-06 09:48:12.557485+00
120,Alias corporis rerum.,Sunt labore magni et velit nostrum eos quis blanditiis earum.,2025-04-06 09:48:13.873572+00,2025-04-06 09:48:13.873572+00
121,Aperiam ab saepe.,Deserunt perspiciatis omnis et voluptatem perferendis eligendi eos praesentium et.,2025-04-06 09:48:15.108786+00,2025-04-06 09:48:15.108786+00
122,Omnis sed aperiam.,Incidunt ea voluptates veritatis exercitationem commodi et ut aut rerum.,2025-04-06 09:48:16.343543+00,2025-04-06 09:48:16.343543+00
123,Libero qui id.,Est reiciendis asperiores in atque velit dolorem veniam sed recusandae.,2025-04-06 09:48:17.632942+00,2025-04-06 09:48:17.632942+00
124,Sequi iusto voluptatum.,Debitis sit beatae non qui distinctio esse quia fuga sit.,2025-04-06 09:48:18.981658+00,2025-04-06 09:48:18.981658+00
125,Incidunt voluptatem consequuntur.,Odit est sunt aut nemo numquam est dicta ratione repellendus.,2025-04-06 09:48:20.302349+00,2025-04-06 09:48:20.302349+00
126,Dignissimos fugiat totam.,Corrupti voluptatem est doloribus nihil tempora cumque voluptates nesciunt aut.,2025-04-06 09:48:20.705305+00,2025-04-06 09:48:20.705305+00
127,Aperiam veritatis aspernatur.,Quam illum aut expedita dolores in temporibus minima et aut.,2025-04-06 09:48:35.172656+00,2025-04-06 09:48:35.172656+00
128,Doloremque ipsum atque.,Ad quidem vitae eveniet cupiditate esse dolor ullam nobis veniam.,2025-04-06 09:48:36.451422+00,2025-04-06 09:48:36.451422+00
129,Ut officiis error.,Nam assumenda excepturi sint nihil quibusdam eaque soluta quam quae.,2025-04-06 09:48:37.794349+00,2025-04-06 09:48:37.794349+00
130,Assumenda mollitia odio.,Sed fugiat repellat placeat qui labore quo repellat ab illum.,2025-04-06 09:48:38.175608+00,2025-04-06 09:48:38.175608+00
131,Qui natus ut.,Facere sequi illo omnis nobis quae nemo aut qui dignissimos.,2025-04-06 09:48:38.584998+00,2025-04-06 09:48:38.584998+00
132,Et eveniet assumenda.,Et voluptatem quam deleniti accusamus recusandae aliquam quis eaque sint.,2025-04-06 09:48:39.023803+00,2025-04-06 09:48:39.023803+00
133,Expedita et id.,Natus qui inventore earum recusandae et et molestiae voluptas nam.,2025-04-06 09:48:39.406277+00,2025-04-06 09:48:39.406277+00
134,Itaque impedit provident.,Et voluptatem harum perferendis aliquam aperiam saepe et qui veniam.,2025-04-06 09:48:39.790215+00,2025-04-06 09:48:39.790215+00
135,Voluptatem dolor ut.,Suscipit labore quis illum expedita delectus fuga facilis quo ad.,2025-04-06 09:48:40.156955+00,2025-04-06 09:48:40.156955+00
136,Culpa architecto ex.,Reprehenderit et quia ut ipsa rerum suscipit molestiae facilis ut.,2025-04-06 09:48:40.513306+00,2025-04-06 09:48:40.513306+00
137,Minima omnis id.,Saepe nulla quibusdam eligendi quia ullam et modi delectus omnis.,2025-04-06 09:48:40.930952+00,2025-04-06 09:48:40.930952+00
138,Aliquid aut omnis.,Autem in velit facilis deleniti distinctio eos tenetur est architecto.,2025-04-06 09:48:41.297233+00,2025-04-06 09:48:41.297233+00
139,Voluptas occaecati ad.,Reprehenderit et dolorum iure quidem est voluptas officia voluptatem sunt.,2025-04-06 09:48:42.764849+00,2025-04-06 09:48:42.764849+00
140,Magnam exercitationem ut.,Quas ducimus et quam ad est sit perferendis nobis maxime.,2025-04-06 09:48:44.318514+00,2025-04-06 09:48:44.318514+00
141,Modi qui aliquid.,Blanditiis asperiores alias harum mollitia est aut inventore provident cum.,2025-04-06 09:49:07.784697+00,2025-04-06 09:49:07.784697+00
142,Laudantium dolores minima.,Voluptate molestiae quas ipsa aspernatur ducimus nemo officiis atque praesentium.,2025-04-06 09:49:08.14029+00,2025-04-06 09:49:08.14029+00
143,Nostrum harum delectus.,Corrupti a odit tenetur voluptas et quia non voluptatem placeat.,2025-04-06 09:49:08.497909+00,2025-04-06 09:49:08.497909+00
144,Commodi repellat ut.,Dolore possimus sed voluptatibus iusto qui sint est earum voluptatem.,2025-04-06 09:49:08.915803+00,2025-04-06 09:49:08.915803+00
145,Debitis voluptas neque.,Officia unde perspiciatis et mollitia est error cumque tenetur aut.,2025-04-06 09:49:09.280734+00,2025-04-06 09:49:09.280734+00
146,Placeat eum omnis.,Nostrum doloribus sint blanditiis fugit quod consectetur non suscipit perferendis.,2025-04-06 09:49:09.622253+00,2025-04-06 09:49:09.622253+00
147,Amet tempora quibusdam.,Molestiae qui alias odio natus iusto nesciunt harum enim sint.,2025-04-06 09:49:09.973827+00,2025-04-06 09:49:09.973827+00
148,Dolore tempore cupiditate.,Harum praesentium quisquam eligendi dignissimos laborum aliquam possimus fugiat id.,2025-04-06 09:49:10.324479+00,2025-04-06 09:49:10.324479+00
149,Vero tempore culpa.,Sunt maxime excepturi nesciunt unde ea quos doloribus error sed.,2025-04-06 09:49:10.680439+00,2025-04-06 09:49:10.680439+00
150,Est numquam nihil.,Totam quos exercitationem aut numquam fuga est voluptate perferendis animi.,2025-04-06 09:49:11.027564+00,2025-04-06 09:49:11.027564+00
151,Esse ad ea.,Vitae rem laudantium non distinctio labore voluptas expedita repellat voluptatibus.,2025-04-06 09:49:11.401087+00,2025-04-06 09:49:11.401087+00
152,Neque quisquam in.,Minima omnis sed sint dicta quibusdam asperiores blanditiis assumenda ut.,2025-04-06 09:49:11.746942+00,2025-04-06 09:49:11.746942+00
153,Dolorem rerum quia.,Aspernatur explicabo sint dolorem unde voluptas et ut perferendis inventore.,2025-04-06 09:49:12.086749+00,2025-04-06 09:49:12.086749+00
154,Et voluptates deserunt.,Voluptas sunt velit pariatur culpa magni quis voluptas dolores consequuntur.,2025-04-06 09:49:12.443495+00,2025-04-06 09:49:12.443495+00
155,Eligendi dolorem velit.,Nostrum voluptatem voluptates corporis a consequuntur possimus repudiandae consequatur minima.,2025-04-06 09:49:12.783956+00,2025-04-06 09:49:12.783956+00
156,Ut tempore dolore.,Ratione maxime quis qui est atque modi tempore qui tempore.,2025-04-06 09:49:13.128446+00,2025-04-06 09:49:13.128446+00
157,Sunt qui vel.,Corrupti reprehenderit quasi sit tempora nisi error vitae tempora sunt.,2025-04-06 09:49:13.485167+00,2025-04-06 09:49:13.485167+00
158,Totam est nihil.,Expedita impedit nobis deleniti debitis rerum numquam tempora ullam sed.,2025-04-06 09:49:13.84261+00,2025-04-06 09:49:13.84261+00
159,Aut id et.,Est temporibus similique sed autem distinctio magnam omnis modi tempore.,2025-04-06 09:49:14.207539+00,2025-04-06 09:49:14.207539+00
160,Repudiandae est reprehenderit.,Qui alias aut odit architecto ullam ad eius quam architecto.,2025-04-06 09:49:14.573884+00,2025-04-06 09:49:14.573884+00
161,Ut consequatur tenetur.,Id vero molestiae necessitatibus adipisci nulla sint voluptas qui totam.,2025-04-06 09:49:14.927601+00,2025-04-06 09:49:14.927601+00
162,Aut dolor asperiores.,Architecto cum officiis illum blanditiis repellendus eum voluptate dicta mollitia.,2025-04-06 09:49:15.274747+00,2025-04-06 09:49:15.274747+00
163,Qui et sunt.,Omnis et fugit illum inventore nemo quia sint quasi repellendus.,2025-04-06 09:49:15.630447+00,2025-04-06 09:49:15.630447+00
164,Vitae quis harum.,Eius aut reprehenderit asperiores qui aut voluptatum dicta maiores illum.,2025-04-06 09:49:15.977322+00,2025-04-06 09:49:15.977322+00
165,Laboriosam eos autem.,Eligendi harum eos dolor minima rerum nam qui maiores mollitia.,2025-04-06 09:49:16.320354+00,2025-04-06 09:49:16.320354+00
166,Adipisci minus et.,Quas sunt magni libero et voluptate iste qui facilis amet.,2025-04-06 09:49:16.669322+00,2025-04-06 09:49:16.669322+00
167,In sunt adipisci.,Ut consequatur molestiae ut repellat assumenda officia sequi magni consequatur.,2025-04-06 09:49:17.008241+00,2025-04-06 09:49:17.008241+00
168,Nobis enim sequi.,Voluptas sit nobis deleniti maiores voluptatibus est voluptate enim assumenda.,2025-04-06 09:49:17.379121+00,2025-04-06 09:49:17.379121+00
169,Aut corporis nostrum.,Repellat quisquam soluta eum necessitatibus quos aliquam qui laudantium et.,2025-04-06 09:49:17.736364+00,2025-04-06 09:49:17.736364+00
170,Perspiciatis ducimus explicabo.,Neque sed sit est non consequatur aut repellendus illum quia.,2025-04-06 09:49:19.051714+00,2025-04-06 09:49:19.051714+00
171,Voluptas blanditiis quas.,Quo quo sed expedita minus consectetur eligendi repellendus sit ex.,2025-04-06 09:49:20.279273+00,2025-04-06 09:49:20.279273+00
172,Beatae laboriosam et.,Explicabo recusandae vitae exercitationem doloribus earum tempora esse aut autem.,2025-04-06 09:49:20.665717+00,2025-04-06 09:49:20.665717+00
173,Enim enim aut.,Soluta sit qui consequatur maxime aliquam et quaerat esse aut.,2025-04-06 09:49:31.142506+00,2025-04-06 09:49:31.142506+00
174,Reprehenderit eos voluptate.,Deserunt laborum reprehenderit optio ipsum quia doloribus numquam similique velit.,2025-04-06 09:49:41.66606+00,2025-04-06 09:49:41.66606+00
175,Omnis et libero.,Vero occaecati natus aut dolor ex incidunt odit et distinctio.,2025-04-06 09:49:42.929756+00,2025-04-06 09:49:42.929756+00
176,Consequuntur vel quod.,Reiciendis qui fugiat earum impedit aliquid quos similique laborum omnis.,2025-04-06 09:49:44.217239+00,2025-04-06 09:49:44.217239+00
