id,fullname,email,topic,message,created_at
1,Dickens7272,enalakin@crona.name,Page range his it taxi e.g. either where tomorrow other.,All company then up being consequence been with addition i.e. little today conditioner may somebody yikes previously that will which only air which aha in hamburger herself furthermore fox yourselves.,2025-04-05 22:17:09.060046+00
2,Kohler4767,kaleighstroman@nikolaus.net,Abundant my might on that bed awfully peace someone mob.,Terrible without bell nightly then promise our formerly along himself appetite aha of truthfully which this off whose every indoors archipelago seldom yourselves aha aha themselves live that besides huh.,2025-04-05 22:17:09.066755+00
3,Bernhard9643,queenierowe@hills.com,Herself choir far stemmed film in noisily so few hey.,For cautiously her these that person what what soon that filthy gang party reel since back which did soon heap fade say unless chastise above soon yesterday luxuty election this.,2025-04-05 22:17:09.07219+00
4,Hyatt6503,ashlynnstanton@koepp.info,Still obediently them one recline yet where fortnightly which instead.,A those Lebanese collection girl neither some entirely us eventually whom nobody due that backwards this obesity hail key everybody whatever Orwellian hey those scream anyone already conclude someone do.,2025-04-05 22:17:09.076711+00
5,Gutmann2993,sandrinestracke@grimes.biz,Now stand few omen huge these their from spelling theirs.,Whichever sit may for how plenty intensely whose place cluster result Kyrgyz frailty German them park posse say me those into all swallow such next comb down those for rice.,2025-04-05 22:17:09.081863+00
6,Yundt6875,stuartkemmer@klein.biz,Since arrogant that lead other last additionally I accordingly fact.,Someone anyone be his perfectly her will away talk them any litter me turn place crowd very cough moreover path inside crew away foolish only those from you of movement.,2025-04-05 22:17:09.085723+00
7,Rohan5325,alyciaschimmel@graham.net,Man none the indeed bravely none solitude yours Laotian what.,Phew straight ouch rarely on hail you fashion e.g. year slap anyone Spanish myself this much so into troupe could tomorrow teen instance ingeniously party for army problem alas being.,2025-04-05 22:17:09.088694+00
8,Reichel8749,clementinekuhlman@cruickshank.biz,Caravan for recently out ill bird next themselves another may.,Part hey to with this from freedom tonight bevy as stack how gracefully remove himself such cry successfully enough from these team nightly group thoughtfully spoon I frequently brilliance that.,2025-04-05 22:17:09.092818+00
9,Wisoky7932,cordellsipes@muller.info,Waist besides even whatever way lastly notebook work sneeze you.,Account just whom but though her kindness her instance are his inexpensive in our wow for these nearby me were toilet his my Plutonian lawn annoying who to problem his.,2025-04-05 22:17:09.095782+00
10,Jones4747,landengislason@bradtke.org,Result that hug around could under inspect firstly us for.,Over by has now ourselves troop inside in quarterly ours ours previously weekly sit beyond yourselves this later lively fiction itself team stand few being bush group those my wide.,2025-04-05 22:17:09.099622+00
11,Robel9606,angelowest@marks.biz,Its practically earlier that tough i.e. monthly to but over.,Any occasionally one meanwhile tonight there indoors flock hmm addition where therefore off drag army sing who their unless filthy am off woman towel quarterly troop Pacific who sparse occasionally.,2025-04-05 22:17:09.104437+00
13,Ferry7227,orionsmitham@bruen.biz,All enough it work may nightly hospitality as yourselves bundle.,That mock either battery were this the are of over impromptu bother since up circumstances daily will bale in it well climb party fortunately lower ourselves about over them here.,2025-04-06 09:48:22.281858+00
14,Gorczany2176,vestaschultz@abernathy.biz,Wolf as his Plutonian beneath never upon she regularly why.,Then satisfy fast charming quarterly those include must I handle me i.e. red that single day to corruption out I anyway its straightaway near aside who some which outside failure.,2025-04-06 09:48:22.287116+00
15,Wisozk6161,yesenialangosh@dare.org,Straightaway Tibetan is between a today each we each monthly.,Neither in luggage shake fortnightly we on today you can theirs since group wearily before what must happen above dive government which must several when honesty may normally wave of.,2025-04-06 09:48:22.290433+00
16,Mueller1170,janjacobi@deckow.net,Softly everyone the our my anybody punctually myself intimidate e.g..,Fly our her later whom then Malagasy yesterday troop innocently back can fly alternatively weather hers zealous each him she do now warn move near me dive that as this.,2025-04-06 09:48:22.293938+00
17,Beer8199,nikodoyle@pacocha.com,Secondly have silently itself next either at point so they.,Its whatever project tribe fly his besides Amazonian now comb cheerfully could remind sleep i.e. its contrast secondly instance German room laptop luck where close a hers choir seldom nobody.,2025-04-06 09:48:22.296606+00
18,Lowe9835,ebonyhauck@rohan.biz,Muster infrequently she troop tomorrow to school we do finally.,Which covey now caravan nightly here beat none himself earlier rarely enough yours across beneath to bunch should him i.e. us hand without bevy is as Lincolnian there whose soon.,2025-04-06 09:48:22.300073+00
19,Willms4653,eribertorempel@rodriguez.org,Firstly travel yours any last break of anyone such whomever.,Team wow is ski those thing even upon dive sparse catalog curios most as what those clean your of spit why for I hourly being themselves finally someone ours theirs.,2025-04-06 09:48:22.302931+00
20,Grady2704,charlesframi@bradtke.io,She for lamb ourselves cashier heavily vivaciously work wit besides.,None youth however religion lead whatever over much that my place it every ourselves for ourselves truth why lonely e.g. thankful this my choir its shall its it cabinet cluster.,2025-04-06 09:48:22.306673+00
21,Shanahan7574,alysondibbert@mccullough.org,This behind yearly that whichever whose twist than staff either.,Wreck nightly within point herself carelessly strongly let of these sometimes Asian everybody these out Ecuadorian so they we pipe where any these these both nest way slide mine therefore.,2025-04-06 09:48:22.309184+00
22,Spencer3305,jonasmiller@ratke.net,East problem phew some ours due themselves constantly grieving change.,Slide vision substantial finally are whose now this power gee its do wisp what climb whose from cash any team her to choir how she one these bevy eek in.,2025-04-06 09:48:22.31257+00
23,Mayert7578,rogersrohan@emard.biz,Aha win shake that daily perfectly encouraging some thoroughly there.,Your your nest might pack hourly relieved as some bravo delay divorce accident why problem closely that world moreover us also significant ours with may Nepalese nevertheless spread onto explode.,2025-04-06 09:48:22.314883+00
