id,username,email,fullname,password,role,phone,is_banned,bonus_points,created_at,updated_at
1,Homenick3562,jeanberge@crist.net,Halle Kshlerin,$2a$10$CD5VkQWfsA6B7ngYd8zmzOM4hqXrC6g.ma8/DJGwsxCZS0EI70D6G,user,1315911811,f,0,2025-04-05 22:16:48.545752+00,2025-04-05 22:16:48.545752+00
2,Luettgen2551,nathanialbins@schaefer.info,Carey Pagac,$2a$10$rDN4TDBNuXEAWggZWOmv8OxgK9xI.2ojT3TmjzITktfoKJjMXvdXa,user,6383159685,f,0,2025-04-05 22:16:49.828178+00,2025-04-05 22:16:49.828178+00
3,Stroman7709,audragrimes@heaney.net,Isaias Ullrich,$2a$10$xRXgxd.KCFm20C3AaS1hw.WfRyUxJOeryeOnHFXoInZCUaKEOx4lS,user,8237246023,f,0,2025-04-05 22:16:51.125493+00,2025-04-05 22:16:51.125493+00
4,Hoeger8248,florencelittel@sporer.name,Kory Buckridge,$2a$10$DueGXsimWIXrYp9HDdy3Fez7Xhe5GGTabJyvQk/Khm5U3The/sym.,user,8028734859,f,0,2025-04-05 22:16:55.549191+00,2025-04-05 22:16:55.549191+00
5,Marquardt7352,darionwill@herman.io,Marc Hane,$2a$10$bAxzlUg/KaIqVPzLTf62xOy0hbCTFF1.oxVSHqN.L5lYJ7ZRPg.dy,user,5943539254,f,0,2025-04-05 22:16:56.698268+00,2025-04-05 22:16:56.698268+00
6,Tillman7772,shanonhills@ullrich.net,Willow Hodkiewicz,$2a$10$SgfYoxtub2wozKbPA1xFsu1nx7.2xgSXtxnKne.AbUPbJW81jJSUS,user,6305876659,f,0,2025-04-05 22:16:57.876909+00,2025-04-05 22:16:57.876909+00
7,Schuppe2096,kayleyhalvorson@jakubowski.biz,Tyrell Collier,$2a$10$N8IpJdEBX8eu5XlAtsVBAuF4NCUepEA/iaHa2VuT2hat81lz6Xi9O,user,5894502598,f,0,2025-04-05 22:16:59.043514+00,2025-04-05 22:16:59.043514+00
8,Kemmer5029,velvaturner@frami.biz,Maida Padberg,$2a$10$3Bzaunlk7In2wmnTUyik.OLZbcP8flVSjLAK1Ql1jJzTd6AEwmvhu,user,5556564432,f,0,2025-04-05 22:17:00.219538+00,2025-04-05 22:17:00.219538+00
9,Feest7913,isabellestehr@thiel.name,Delbert Kiehn,$2a$10$3kCBnRTqG73DMrh/7OKBh.dvc4OZ59b/VCv31ntbgFeR44w/f5cny,user,5944313787,f,0,2025-04-05 22:17:01.398402+00,2025-04-05 22:17:01.398402+00
10,Feil3096,murrayhermiston@mcglynn.net,Dustin Kovacek,$2a$10$a1YrRnR8IHRqwX/sMxG9heoeQTWNanrNVpZJZLiVsfJoCZTTQTk3K,user,5086165608,f,0,2025-04-05 22:17:02.576544+00,2025-04-05 22:17:02.576544+00
11,Heller3124,joanniestark@kessler.com,Adriel Walter,$2a$10$qz1y.VPENlnQSj.9V2xNKu3IdypOXUQ1Zx8uxaRV9SyQSXoHuetaq,user,7999148173,f,0,2025-04-05 22:17:03.74219+00,2025-04-05 22:17:03.74219+00
12,Krajcik3737,katrinecorkery@langosh.biz,Electa Frami,$2a$10$EfipkW3y6Aqd3a6KA3TKiOMnD.r8eAWE6RX2xgPuichXDGbeHugJ6,user,2317635492,f,0,2025-04-05 22:17:04.935335+00,2025-04-05 22:17:04.935335+00
13,Grant1008,hiltonhermiston@beahan.name,Sterling Wisoky,$2a$10$09b5GI7FjBMe4AisRM//RuTAsrb/7VvaG4wy..UhZlNTQnJzWLfxi,user,8054931624,f,0,2025-04-05 22:17:06.114428+00,2025-04-05 22:17:06.114428+00
14,Wuckert1636,merlewolf@wolff.io,Halie Reichert,$2a$10$n1B42Vx8.4JRkJZSMzgxAOTY7zFqX845mpdy6rqZA7jiVlGYR4xlS,user,5639159876,f,0,2025-04-05 22:17:07.296954+00,2025-04-05 22:17:07.296954+00
15,Nikolaus1580,euniceconnelly@collins.name,Russ Terry,$2a$10$Vq7ZCVDVHu.7pWvJ1hm6QeSg4Cl1ra9DegzagVDn1fIgCplUjLuou,user,7318758518,f,0,2025-04-05 22:17:09.035141+00,2025-04-05 22:17:09.035141+00
16,admin,admin@example.com,admin,$2a$10$TIy8fk5x19udKAhZq5MzCOHuVjZIPp1ScmIwipNmm9mABbWwignau,admin,79999999999,f,0,2025-04-05 22:17:09.720246+00,2025-04-05 22:17:09.720246+00
18,Kulas3960,daphneyboyle@altenwerth.com,Brock Grimes,$2a$10$.RCsqjpJUHWK6BYYhymwyuPY46HMW4sD/7YX3gsM9xdJdhCxW/PIO,user,8563987695,f,0,2025-04-05 22:17:09.997663+00,2025-04-05 22:17:09.997663+00
19,Purdy6109,tannerhansen@zieme.org,Skye Damore,$2a$10$DQc5FiDmLGC4KdxSr9FF4OG4ImM5kIe/3LvMUWQ0xnDU9OV9f77ji,user,2509145786,f,0,2025-04-05 22:17:10.853296+00,2025-04-05 22:17:10.853296+00
20,Gaylord3696,nicholaushahn@braun.net,Maximillia West,$2a$10$bYTPGodYA9sI5eT0ZtjL.OaLli7AwCRBqSer6dVVCJ3Qh9a/PoY6.,user,4784611327,f,0,2025-04-05 22:17:11.699065+00,2025-04-05 22:17:11.699065+00
21,Dach2929,stevesporer@moore.name,Griffin Kub,$2a$10$PYCWnlNq/dxKBtF/zqzAjep5ySzvBUoJ7OUhJ.2ejSsbjTndywsFa,user,8197809720,f,0,2025-04-05 22:17:12.563691+00,2025-04-05 22:17:12.563691+00
22,Nitzsche3375,karivonrueden@mraz.info,Kacey Mayert,$2a$10$iQh178a8owon26s.9DggkeOrFI4Jq.hzqYgNGPCPKJIId47ExTbcq,user,6570347425,f,0,2025-04-05 22:17:13.420329+00,2025-04-05 22:17:13.420329+00
23,Beer6341,ryderwitting@haley.io,Vaughn Kerluke,$2a$10$suX.DJ2CdkDhEOx2HbUs3.gGibHjKMYxabgmRMOou.CguP.SyZRQO,user,1369720982,f,0,2025-04-05 22:17:14.295572+00,2025-04-05 22:17:14.295572+00
24,Cassin7239,jessikaschmitt@jacobi.org,Leilani Russel,$2a$10$f8gE4oxoKQ9RXILK8kMTG.MzBahnulQp8PS5eKgzy1kK.SW6rK25K,user,7940171588,f,0,2025-04-05 22:17:15.18233+00,2025-04-05 22:17:15.18233+00
25,Rodriguez4690,armanimurray@prohaska.io,Winston Weimann,$2a$10$S0jXgQjX1AMGkfP66i09TO.4L5OugtyU3pApDINkyV/G8GzEpMQHa,user,5762034607,f,0,2025-04-05 22:17:16.07806+00,2025-04-05 22:17:16.07806+00
26,Brekke4415,aglaeschulist@marks.io,Bernice Kuhic,$2a$10$NN485o5SPoLWeKxcI79kSO77f3L0bqxnGGRhb8vyvDBXOWPMHC1FG,user,1227773906,f,0,2025-04-05 22:17:16.962001+00,2025-04-05 22:17:16.962001+00
27,Krajcik1883,aracelikiehn@hartmann.name,Brennon Armstrong,$2a$10$iLNo2MkeNbKv/48wEJEtA.wE0QLL9bWySo/oM/2DxVKpeNRQhWzsO,user,3468147204,f,0,2025-04-05 22:17:17.85143+00,2025-04-05 22:17:17.85143+00
28,Skiles7897,clarissaferry@schulist.biz,Eduardo Rau,$2a$10$hQusokH2ZjUsP/.ZnZgiT.xPhxqGNLVbgG1EeZehKnPP1mskaLc8O,user,7362943996,f,0,2025-04-05 22:17:18.709581+00,2025-04-05 22:17:18.709581+00
29,Wehner8288,borisbrekke@reinger.org,Joyce Barton,$2a$10$SJERNYcyppR7W9uURiVPoecpY7UuyFSBcBdSvUtpmzdx/PlQiP4hO,user,4953540890,f,0,2025-04-05 22:17:19.588966+00,2025-04-05 22:17:19.588966+00
30,Friesen6179,noemielegros@marks.biz,Agnes Harris,$2a$10$liNMfiXqZsNUcAJYU69KWuxSb3xlFYZxzXrcTTeU7Hgr4.WEMDi3i,user,2852180560,f,0,2025-04-05 22:17:20.427731+00,2025-04-05 22:17:20.427731+00
31,Balistreri8365,narcisoboyle@swaniawski.biz,Thad Berge,$2a$10$.zXl6uiEuVxewrSgMdLXP.OwZ5zTKTQCtvJFSJVVugA9t9ci/5mhi,user,5998120214,f,0,2025-04-05 22:17:21.62432+00,2025-04-05 22:17:21.62432+00
32,Baumbach9548,enasatterfield@abbott.io,Nathanial Lakin,$2a$10$B7VJTa0tXtf/juUoordo8OOCgnTffxP1qs1LKhiqmEzNdkyaiKX/.,user,2161094685,f,0,2025-04-05 22:17:22.812905+00,2025-04-05 22:17:22.812905+00
33,Ondricka9356,jennieschmidt@vonrueden.org,Aida Hintz,$2a$10$bfYoDu8EAmbdmTvS2gpc9.ngK8PyfZvbtmEXYjDBd7a0XZ4Kdl6dq,user,9208084411,f,0,2025-04-05 22:17:27.655068+00,2025-04-05 22:17:27.655068+00
34,Little8377,pearliekreiger@thompson.biz,Kirk Bechtelar,$2a$10$s2X1jkOkyaZzHv7/oAuRGe870P//NIPn1TID7svC3aVByJBQJsLwm,user,9993989287,f,0,2025-04-05 22:17:28.846974+00,2025-04-05 22:17:28.846974+00
35,Purdy7846,elnorabreitenberg@veum.org,Lizeth Douglas,$2a$10$cSbH2OVOK7BbNVwx4dYuI.rostbgGfReC9oBbs6nlnMiqjHi2vFpC,user,9935053248,f,0,2025-04-05 22:17:30.036545+00,2025-04-05 22:17:30.036545+00
36,Kutch7850,loycecrona@hermann.name,Lillian Collier,$2a$10$4dl9s4M/3njx/JBA0Q64p.905EhXtI112NGsHd6X.Wftyyt/mMnxO,user,4268425161,f,0,2025-04-05 22:17:30.928796+00,2025-04-05 22:17:30.928796+00
37,Gleason8112,maudiechristiansen@hodkiewicz.org,Rolando Braun,$2a$10$K44bl0DjBHQ0bBt3d7L8nubkDjTvJPDjyN9JKKFFfEhviR4hkYJLy,user,9350803364,f,0,2025-04-05 22:17:31.786832+00,2025-04-05 22:17:31.786832+00
38,Smith7558,elyseruecker@johnson.io,Hermann Hoppe,$2a$10$kA7DIPiRLVA5TOhHxi80P.dOqvTkhX4MGkVHYsMA8IaQf7G1M00Q6,user,9993592285,f,0,2025-04-05 22:17:32.624319+00,2025-04-05 22:17:32.624319+00
39,Johnson5591,eleanoraolson@monahan.name,Lula Hansen,$2a$10$MICHhaISvwa1YnEcTocQLesMJ2nd1pOsFYdyB18YHBtuYCMgO/bG6,user,8595735939,f,0,2025-04-05 22:17:33.461849+00,2025-04-05 22:17:33.461849+00
40,Feil2759,jovanarmstrong@koelpin.com,Lloyd Dach,$2a$10$M0gK8SZPPNMA.nGDrCdCZeXojWwRXJVaF.9ppSssrfePKCY4Bbhce,user,8330491877,f,0,2025-04-05 22:17:34.303791+00,2025-04-05 22:17:34.303791+00
41,Klein3518,brentupton@armstrong.io,Brant Kertzmann,$2a$10$akfgoFXRyQQf7cORhVF1JuPAQIwrh7Ns074Sc73ol5PgmNrR561L.,user,8231291714,f,0,2025-04-05 22:17:35.258838+00,2025-04-05 22:17:35.258838+00
42,Gusikowski1563,tannerprosacco@beahan.name,Estrella Fadel,$2a$10$qByhxX3Jid.6vqUVkf/Hvec6j2Ar30Pol6pjPOcddveexBfKt1WtS,user,2695901152,f,0,2025-04-05 22:17:36.220882+00,2025-04-05 22:17:36.220882+00
43,Stoltenberg5237,amanicruickshank@kohler.name,Marion Hirthe,$2a$10$hFL30r3K03Zb57YGFkBFtulhPfRJsA090Fx08KG6mzvHYvBzH5.UG,user,3017939153,f,0,2025-04-05 22:17:37.068608+00,2025-04-05 22:17:37.068608+00
44,Conroy8674,danbode@gleason.org,Kieran Tremblay,$2a$10$fI4hsZ6wXjcyKesOCY7Xa.vPF/M3tEkH.eSPCj3zTtnDP..90Bnsi,user,7218404374,f,0,2025-04-05 22:17:37.908533+00,2025-04-05 22:17:37.908533+00
45,Flatley2962,janniecorkery@nicolas.info,Elton Marks,$2a$10$JOKvmAYNStoK1GvmPURH1elJ5l.95eHxEcOdWrTZDjzNb2hbpsaYS,user,6937924125,f,0,2025-04-05 22:17:38.73008+00,2025-04-05 22:17:38.73008+00
46,Hahn6940,mikelsmitham@bogisich.net,Haleigh Vandervort,$2a$10$D1mioUM4UM0/.1tyrFYXTe5JJE.xhwIhYKtcuPoX.ksm5W8qTrmFa,user,6062835493,f,0,2025-04-05 22:17:39.652787+00,2025-04-05 22:17:39.652787+00
47,Dare8192,kayalindgren@hermann.info,Caleigh Jerde,$2a$10$M2HfrQC4hFKDeFB.nZ5jouWwFQyK3qmEJ1//RbL4CvivIg.M81hBq,user,7954189305,f,0,2025-04-05 22:17:40.508907+00,2025-04-05 22:17:40.508907+00
48,Predovic9350,marceldickinson@wilkinson.name,Rosina Erdman,$2a$10$5UBsHVflV0FYL95DKE4gLeJOt1D8FaUHOV6X6VAo.W6tFD5u6VGoq,user,6976653141,f,0,2025-04-05 22:17:41.369837+00,2025-04-05 22:17:41.369837+00
49,Schoen6774,noemiekeebler@cronin.biz,Ana Quitzon,$2a$10$4cZQIyvpM.0YzKPta9BpzeEhdTKKaO0Yv/0g24M8c9EBsTRkx6hq.,user,6427923004,f,0,2025-04-05 22:17:42.224049+00,2025-04-05 22:17:42.224049+00
50,Stamm4438,jeradbaumbach@streich.biz,Mauricio Ruecker,$2a$10$jTQIxtONfiGN0eH7sOQSgudUB42WH7JZd4bufolZN0ysU5/AXh90y,user,1655388292,f,0,2025-04-05 22:17:43.068078+00,2025-04-05 22:17:43.068078+00
51,Hickle7944,javiermarquardt@reinger.name,Meggie Dibbert,$2a$10$1BVdYE0obYaOGR7045IaxOfOYWndf0OfWaUmqev/eTml8yLSKDOlG,user,6802473183,f,0,2025-04-05 22:17:43.928808+00,2025-04-05 22:17:43.928808+00
52,Dicki7945,bertramcassin@purdy.biz,Alisha Huels,$2a$10$G9sPK8X.qWQpFGxSniff4.mGjFFfL.61Ew4JgH.UHAkqBj5Q1O62G,user,9482043544,f,0,2025-04-05 22:17:44.795507+00,2025-04-05 22:17:44.795507+00
53,Collier4092,deliaernser@kuvalis.biz,Monty Effertz,$2a$10$T2yaj7zR3PdOssHfZ8ulpuVSNA8gcCNub/W30HmaAd1y6KriGQQQm,user,9834644595,f,0,2025-04-05 22:17:45.662308+00,2025-04-05 22:17:45.662308+00
54,Barrows1783,muhammadpouros@kuhic.name,Marjolaine Beatty,$2a$10$VVESgoUeya8uZaXBKEf88.anJ7VGApbGSflxi4lPQnPYb.0XUxnve,user,8820256349,f,0,2025-04-05 22:17:46.517184+00,2025-04-05 22:17:46.517184+00
55,Ernser1947,percivalveum@emard.org,Santino Lehner,$2a$10$WpQtnuIWnCKUm/xU5DIFrO.o1wptjyTtAzdqe5F6IR7z/FlRQuIby,user,4393494199,f,0,2025-04-05 22:17:47.362959+00,2025-04-05 22:17:47.362959+00
56,Crona1624,betsygrady@heaney.info,Lemuel Gerhold,$2a$10$INsOGblkhaOoP9PFyXMMpOJ1Vs.UeGH.7bmRzeaPYSyt520IYrFdO,user,5060349927,f,0,2025-04-05 22:17:48.235839+00,2025-04-05 22:17:48.235839+00
57,Greenfelder6932,unabeahan@cruickshank.net,Berneice Kirlin,$2a$10$vHttE5eqU3J525iO4RDrj.5fXI3T/5Cr/0WEYvHUxabJD/xpBcqRe,user,9391685783,f,0,2025-04-05 22:17:49.186925+00,2025-04-05 22:17:49.186925+00
58,Howell2615,sidneymoore@krajcik.io,Greyson Beier,$2a$10$w65XfninWbYxas30jCcRiuilw26S1CZJ9emkCR1CWJ31MRuHOrJoa,user,5775923037,f,0,2025-04-05 22:17:50.052723+00,2025-04-05 22:17:50.052723+00
59,Hamill7862,aylastamm@white.biz,Willow Haag,$2a$10$LC8lSGjPzCX56Y3tBTWtKOfj/FUU3Gu.ntzdRmfuLbJCb3owIjVFW,user,2138969779,f,0,2025-04-05 22:18:01.790788+00,2025-04-05 22:18:01.790788+00
60,Emmerich6708,kristinaschuppe@stracke.biz,Foster Bergstrom,$2a$10$uXh5cB8jBHTSASaedYoYCuasjR7XjuMC7YocY8JgS7XW6VmwzSU0y,user,3203025627,f,0,2025-04-05 22:18:03.004531+00,2025-04-05 22:18:03.004531+00
61,Reilly8989,bettyesipes@jones.io,Arnold Bernier,$2a$10$u3H8.sii5RFLHqkIGmK.f.GL.L4wHJa9hiXg1lyDCSDeT/w1Djbye,user,5306527992,f,0,2025-04-05 22:18:04.694597+00,2025-04-05 22:18:04.694597+00
62,Senger3823,mayraledner@abernathy.io,Muriel Kertzmann,$2a$10$Uz/sxI4VJWH8EXu2e6qm/uqxZ3OOSzFIRFRGJeazSbUnFGOvSZ85a,user,4972224627,f,0,2025-04-05 22:18:05.554932+00,2025-04-05 22:18:05.554932+00
63,Quitzon7201,faviantreutel@fay.io,Angel Keebler,$2a$10$t3aO0U1Dy.p3hKCW3vLYzOixbr6YEdokP1W/9.GG7nyA3Fsvv9Rhm,user,5336434926,f,0,2025-04-05 22:18:06.438095+00,2025-04-05 22:18:06.438095+00
64,Senger4007,immanuelabbott@mosciski.org,Ed Cremin,$2a$10$uCqQMxKSKTENu0h3S4xWBOCOYjtpcE2IYXI6SJQToEAa6ObdGsphq,user,5073213310,f,0,2025-04-05 22:18:07.271869+00,2025-04-05 22:18:07.271869+00
65,Labadie5060,kayleypaucek@roberts.biz,Sandra Hudson,$2a$10$Bric3ZnWm8BT6wbmTY7TuenLXHjSrgg2LA21EmXXZ/V70Dn5uwtjG,user,4329989928,f,0,2025-04-05 22:18:08.11337+00,2025-04-05 22:18:08.11337+00
66,Miller2132,estelledner@collier.org,Skyla Steuber,$2a$10$CeAhGSDQD..RqHrIOkyeL.b6HoCVwfflPeRlUAYOQl8BAidWwCq4G,user,1498828877,f,0,2025-04-05 22:18:09.170994+00,2025-04-05 22:18:09.170994+00
67,Armstrong4140,gretawolf@turner.com,Charlotte Greenfelder,$2a$10$1zoPZ8GTnckYk8BrovVghOEfSAUfT.gsSwzQv8CCsQKNd/F7yjNmW,user,6523406210,f,0,2025-04-05 22:18:10.023821+00,2025-04-05 22:18:10.023821+00
68,Sipes2034,kyliemurazik@turcotte.com,Chaz Barton,$2a$10$QGkQe3bo9bPcozN435ejAeYtRgVWLHoZfjtUZa8LLEfm5MatU8Lde,user,2665187885,f,0,2025-04-05 22:18:10.904346+00,2025-04-05 22:18:10.904346+00
69,Corwin9823,manuelsanford@ratke.io,Sid Christiansen,$2a$10$Ze7MMkeIKiG4.jBE4hJv7O9ykM.wOETc.NqNZnQZn9wMnbgSu7v4O,user,3382861170,f,0,2025-04-05 22:18:11.984406+00,2025-04-05 22:18:11.984406+00
70,Veum3591,allenbins@tremblay.org,Letitia Maggio,$2a$10$oQHnzLGNhR2kG99JI16O5O/8k7RDJh/5/t60oc2NfFmgoBAGJ.ENC,user,4693754625,f,0,2025-04-05 22:18:12.881947+00,2025-04-05 22:18:12.881947+00
71,Schimmel1812,adellarussel@morar.name,Haley Bode,$2a$10$tBQUBJr/XVpEnZbM5esBVeVKhQcc9J.v0ubeZAlRJcIGxtzsDGiSS,user,5438670885,f,0,2025-04-05 22:18:14.141933+00,2025-04-05 22:18:14.141933+00
72,Halvorson6790,davionconnelly@treutel.net,Marielle Cartwright,$2a$10$0MDqPsXVnwIoCSsZZba44uRo5fGQCfccrz.YN4CBUJiOMDKaM5nZ2,user,7129607207,f,0,2025-04-05 22:18:15.028776+00,2025-04-05 22:18:15.028776+00
73,Buckridge2918,queenietrantow@koelpin.biz,Candelario Wilkinson,$2a$10$sqoJuVtLVXbQ3TpLNlJQB.Esu9zl4d/UyO53IKY8gCqOcDI0WmDCS,user,1023021666,f,0,2025-04-05 22:18:15.925487+00,2025-04-05 22:18:15.925487+00
74,Funk5247,micaelabeahan@friesen.biz,Delfina Harvey,$2a$10$E.uq9bEjklxv9gaIDIoEpO2htkBoviQnmxmn/RE2J9AyNR6JzswEi,user,6335941334,f,0,2025-04-05 22:18:16.877567+00,2025-04-05 22:18:16.877567+00
75,McGlynn5718,kathlynwatsica@hickle.biz,Trycia Rice,$2a$10$ydtXX.kZkieCXRqsUCbAYe5NSrDZSyztvwTjVp7lqYqhyIt8SuLBq,user,2854913109,f,0,2025-04-05 22:18:17.761415+00,2025-04-05 22:18:17.761415+00
76,Streich8850,quintonrussel@cole.net,Dillon Pacocha,$2a$10$Xj.u3wsVItG6HGLrN5ySSemrNcnoV/HdpXvxP2G/k/ZtlP7bOYQnq,user,2511445701,f,0,2025-04-05 22:18:18.708612+00,2025-04-05 22:18:18.708612+00
77,Osinski2243,cassiemaggio@jaskolski.biz,Fannie Nader,$2a$10$v.JRYY9muH6kENaj6ASE.OFb/5.qcOujfYcY7lwwZ0R/PTTVzmMhm,user,6207366830,f,0,2025-04-05 22:18:19.693753+00,2025-04-05 22:18:19.693753+00
78,Feeney4474,jeffreyhegmann@lynch.name,Nikolas Mante,$2a$10$UoFV9kC5mSmS4yhPiLEOmeg.9/RRHx./V0NshaTkPgesc3IGUh1M2,user,2996353729,f,0,2025-04-05 22:18:20.646739+00,2025-04-05 22:18:20.646739+00
79,Wiza3792,lenniecarroll@durgan.com,Craig Collins,$2a$10$966gr99f4s9utoxTRjnd6utfYkETYep5sCyLiQet9Nks1Z66wqYKy,user,8670300895,f,0,2025-04-05 22:18:21.624766+00,2025-04-05 22:18:21.624766+00
80,Rutherford3505,heathankunding@gleason.info,Ward Funk,$2a$10$8g22PkFFvAq8quMWM6Vv5OnvZPlKen.Axp.ZWsESZdAAvsWuNe3hS,user,4004133022,f,0,2025-04-05 22:18:22.593421+00,2025-04-05 22:18:22.593421+00
81,Daniel1344,freddiewilderman@muller.io,Trever Mante,$2a$10$6v0zlswzjukWRkVGixnaqubmvg2eckWQJkx2X690N1f68bUPukz66,user,1453690070,f,0,2025-04-05 22:18:23.515219+00,2025-04-05 22:18:23.515219+00
82,Hackett2264,ariritchie@satterfield.net,Theron Reynolds,$2a$10$8kaIJgbyiF5L8ghUIDJoeeKKbntopsedNhOX3oUMlg9RJ/pi9vTMy,user,9916899534,f,0,2025-04-05 22:18:24.96083+00,2025-04-05 22:18:24.96083+00
83,Cole3962,blakemills@monahan.io,Johanna Kihn,$2a$10$KqabysYauPHjH9RlVv8ByeZfPUnc51OLIpen2D6pgDUpakC8ELR/u,user,6861525100,f,0,2025-04-05 22:18:26.234903+00,2025-04-05 22:18:26.234903+00
84,Predovic6073,evansarmstrong@raynor.org,Rosalind Breitenberg,$2a$10$X6/Qnu0Zv5A4Ol0aC8ssKuA768JIHIo6R2y/jdNyr2iQzg7cYFyee,user,6397524400,f,0,2025-04-05 22:18:27.489707+00,2025-04-05 22:18:27.489707+00
85,Littel8928,xzavierlittle@beer.io,Laverna Ward,$2a$10$jfr2iZDxK4koU45hZ4D05.og8wxjIGtgB4pexjx/s5YMf3dQZ/x9K,user,5152973152,f,0,2025-04-05 22:18:28.37432+00,2025-04-05 22:18:28.37432+00
86,Kuvalis6166,edgardomurray@dietrich.info,Sadie Mertz,$2a$10$czN9YUKS8YklQnriwqOASeDFe16pQzSaP.jvuRSYiD/XCDEFXpooq,user,2140911937,f,0,2025-04-05 22:18:29.255505+00,2025-04-05 22:18:29.260459+00
88,Parisian4072,elyssadickinson@maggio.org,Crystel Heaney,$2a$10$x5rMHFcL97WhVLBEOl2uXe3bCCH7HAMQKWc7jt2FG1IxGS.xHmAuC,user,4991728718,f,0,2025-04-05 22:18:31.064396+00,2025-04-05 22:18:31.064396+00
89,Morar8153,shirleyluettgen@runte.io,Nella Thiel,$2a$10$ah684qRpj3o743S1rHDBGeFSHEwVckx5vluNaz/3twWozz1HYoASi,user,6643482177,f,0,2025-04-05 22:18:31.933977+00,2025-04-05 22:18:31.933977+00
90,Schmitt3572,tarawest@kihn.name,Malika Brakus,$2a$10$ZidwIop/OWKd/110oJMzvuf1z/BXEnY6Gvytiam/IGQzWwTrab5xq,user,8806915279,f,0,2025-04-05 22:18:32.82283+00,2025-04-05 22:18:32.82283+00
91,Reichel2079,chloebarton@ernser.io,Greg Adams,$2a$10$IVN7u.va4Yu2iJvc1eXFJut44/NszAQJ9O.AMupuDN1rZHvXsQo3m,user,7404091552,f,0,2025-04-05 22:18:33.678072+00,2025-04-05 22:18:33.678072+00
92,Wuckert3367,alfredojacobi@aufderhar.org,Delta Blick,$2a$10$AZsv7sn5K6VYgprpbvLsU.aFLodOZoGqm5I13aRdxdx7hOHwSQfGS,user,7650777559,f,0,2025-04-05 22:18:34.646873+00,2025-04-05 22:18:34.646873+00
93,Krajcik7485,zackaryratke@dickens.io,Roger Hermiston,$2a$10$EjADN3fmqPBiHRePDgvcN.yPqwqkAq03XVNvfmeKiz9YOhOTMo9mO,user,1782405906,f,0,2025-04-05 22:18:35.530163+00,2025-04-05 22:18:35.530163+00
94,Graham2163,dustyharvey@feil.info,Celine Hand,$2a$10$s4V/6TPJvTy9sFo6uIne2u/AwFzsoDt.7sJWbDNVPLlDpQlZVTz0u,user,5814041629,f,0,2025-04-05 22:18:36.394812+00,2025-04-05 22:18:36.394812+00
95,Senger3779,ubaldofritsch@williamson.org,Clifford Howe,$2a$10$ig5QREVDwF77Gsw9z3jpLOHfwSfSi8LG8XkQUv1FMETKlFJ3/vLxO,user,2429742299,f,0,2025-04-05 22:18:37.268533+00,2025-04-05 22:18:37.268533+00
96,Anderson9474,jazmynegaylord@kuhlman.org,Grayce Kertzmann,$2a$10$eqUbmZIlgPwsELzinVymXOoCsGiClPnVmVlVDfo/YSFZwuoGLSlw6,user,3500866749,f,0,2025-04-05 22:18:38.123002+00,2025-04-05 22:18:38.123002+00
97,Trantow5307,gilbertohaag@blanda.org,Celia Howe,$2a$10$yRHTXRq31wbySRjdaTIpGeuqi/CsgwDKZBV9778ALeRUwKkliMQ4e,user,5581319667,f,0,2025-04-05 22:18:38.977803+00,2025-04-05 22:18:38.977803+00
98,Krajcik1799,vidalpadberg@gerlach.name,Connor Aufderhar,$2a$10$LArHSFmf6DuA/Wazbyz2qeaUF3AVvNxU9bN7FQ/jEfKFmIfbSKKiu,user,5448160577,f,0,2025-04-05 22:18:39.914626+00,2025-04-05 22:18:39.914626+00
99,Klein6792,flavieturner@adams.info,Isabell Kutch,$2a$10$dFl5coAaXnRwmHCCSGNX/uhW9M/RAh5ikoH55cKH5.yxqXsGoN4ve,user,8371750866,f,0,2025-04-05 22:18:40.808416+00,2025-04-05 22:18:40.808416+00
100,Daugherty2627,lysannekovacek@dietrich.org,Jessica Kuhic,$2a$10$5lnw.6MJC74ak8Z4QxG2sO3wN1sF/Br4rB.6tXcbERQzQZGcOd6uu,user,6618927028,f,0,2025-04-05 22:18:41.696386+00,2025-04-05 22:18:41.696386+00
101,Grant2381,kristinbuckridge@hudson.io,Wilfred Miller,$2a$10$kNinnPNTw5k5UmRhJ39VzOwysMv6KhgDxT91vPjXqFlbDsHai84eS,user,2244064389,f,0,2025-04-05 22:18:42.585333+00,2025-04-05 22:18:42.585333+00
102,Stiedemann7894,sybleconnelly@mayer.net,Trever Vandervort,$2a$10$pUFpkH0AkIfNLdBWDqGJXe6m/i.yDR1fKge722Y92MW6CrOOlRzha,user,6984445124,f,0,2025-04-05 22:18:43.490711+00,2025-04-05 22:18:43.490711+00
103,Dicki4875,ernestowehner@ziemann.com,Theresia Sipes,$2a$10$yCrx1MZxRcVN/LvA/jBY9OeoC3VOACElgm5Kc.0PNIwHnR39M7YTy,user,8701917796,f,0,2025-04-05 22:18:44.371466+00,2025-04-05 22:18:44.371466+00
104,Murray8876,emmittorn@auer.info,Vivienne Schaefer,$2a$10$AIEiQ6Mj60fk7Q4cbgHK3.O0/5M6kVSFoXbsM.R1yTEhkdSGqN/VO,user,4013982487,f,0,2025-04-05 22:18:45.235124+00,2025-04-05 22:18:45.235124+00
105,Hoeger1853,millieschulist@jenkins.biz,Clair Gerlach,$2a$10$7tP9LaodfWorvrXlyKNwvuHwn3UoYoa2oHu968zC30ZnLnbdbghwm,user,8258500670,f,0,2025-04-05 22:18:46.078629+00,2025-04-05 22:18:46.078629+00
106,Boyer3737,janaelind@ward.org,Heather Gleichner,$2a$10$ErYk/snyhqY6nLdVKP9rpuUF4r/jkLepcCwte4NFS.gj35mNSbI5y,user,8894709057,f,0,2025-04-05 22:18:46.961606+00,2025-04-05 22:18:46.961606+00
107,Davis9624,dakotakertzmann@swaniawski.io,Vidal Schneider,$2a$10$GEzE9BUz62ewuTyeY65V/ueAMopZPyo7UN7i9lSw.Ws73z1oDSWey,user,2931998985,f,0,2025-04-05 22:18:47.800026+00,2025-04-05 22:18:47.800026+00
17,user,client@example.com,client,$2a$10$7gJvNrXkZNBROa0e09jMU.6VEN./iFa7Csm68FLuPep3cvetB/g/2,user,78888888888,f,0,2025-04-05 22:17:09.783768+00,2025-04-05 22:46:23.648974+00
144,Pouros8457,loyceflatley@armstrong.info,Lolita Fritsch,$2a$10$y7LKB18VNSxUvzv78i6f/.wdjewqo1eWnTGvfkFqhksFHHUpb/msK,user,5216857983,f,0,2025-04-06 09:48:00.155576+00,2025-04-06 09:48:00.155576+00
145,Gislason2239,margaretttremblay@ruecker.io,Maxwell Kilback,$2a$10$4nI1RejJNJCMuDHRVx12I.ISzHjq5jsjLqNamVdtq3vAO6jyHnolO,user,1798821111,f,0,2025-04-06 09:48:01.525728+00,2025-04-06 09:48:01.525728+00
146,Brekke7069,reaganbeahan@morissette.biz,Ewell Friesen,$2a$10$uSFVzR0NTH27sbJoh8cFuePi0H.QPG4mSysgVEt4WR.H.InSW6A6G,user,7499447931,f,0,2025-04-06 09:48:02.8452+00,2025-04-06 09:48:02.8452+00
147,Willms6468,ewellturcotte@boyer.com,Aniyah Funk,$2a$10$Zwo.aF9ZjJA0lTupaNvMt.BUtIl8FdZr796YbE0CLY88KSPQfcIH.,user,7438383361,f,0,2025-04-06 09:48:07.415824+00,2025-04-06 09:48:07.415824+00
148,Rau9304,barneymertz@gutkowski.net,Odie Koelpin,$2a$10$52Ox2E2N.SBkJMdxRXKT/O8Pw.MC4lMQJIrIGT2jnX8.BsZ1A0jVW,user,4780662072,f,0,2025-04-06 09:48:08.700266+00,2025-04-06 09:48:08.700266+00
149,Stamm7445,graysonrohan@hodkiewicz.io,Trey Cartwright,$2a$10$eCTyHL/0ZACBJimlUUEvhuY/RTAri03B1DNr/KUaAobI7eR5gJ1ky,user,8993602775,f,0,2025-04-06 09:48:09.96967+00,2025-04-06 09:48:09.96967+00
150,Altenwerth5408,lindsayhettinger@kutch.com,Giovanna Wehner,$2a$10$487XgSdcDTjUrIojxX3wZ.t9H7GTvz5YPvyjU0tPZczC5Dl/mygHe,user,4770448718,f,0,2025-04-06 09:48:11.239335+00,2025-04-06 09:48:11.239335+00
151,Hoeger5618,hectorbaumbach@walter.name,Jammie Dooley,$2a$10$DirMWSVk2gHUZzMsmccaXeKaRR6Hd3UitOEM5UtNcSGefMi6g.E26,user,6126297521,f,0,2025-04-06 09:48:12.553538+00,2025-04-06 09:48:12.553538+00
152,Bosco5670,friedrichwill@johnston.info,Clifton Collier,$2a$10$4gf8G1OX/S.Etxi8GMwqz.2WNqbyMqnu4stCmHSR6EX6HfMZd7iqW,user,4527591761,f,0,2025-04-06 09:48:13.869317+00,2025-04-06 09:48:13.869317+00
153,Daniel1934,estefaniaschultz@ziemann.net,Tito Volkman,$2a$10$rGqKQBmhldbv5pvK5ETaXeTOvzcEnlU60ljroEaKdykGN8LKmmHOO,user,6664159863,f,0,2025-04-06 09:48:15.104001+00,2025-04-06 09:48:15.104001+00
154,Corwin5604,gardnerhackett@kub.info,Rosina Steuber,$2a$10$M93r5gSR5RMp7ivYYmlh2e..6PWl2yExe4lts4FUhEW329mW4sNB2,user,9443337163,f,0,2025-04-06 09:48:16.340309+00,2025-04-06 09:48:16.340309+00
155,Lynch5583,eleanorawyman@schroeder.net,Amber Ziemann,$2a$10$UFVT7TIdx6ybNzV3ae3mWuB4zDaBamrboOXTSjfeGZaDEePCTzGT6,user,3155684667,f,0,2025-04-06 09:48:17.628879+00,2025-04-06 09:48:17.628879+00
156,Jacobs3261,valeriejaskolski@gottlieb.org,Haven DuBuque,$2a$10$pzR0f1GzdRBjkSYmz.H.SeFithaL893S1l14t8QPTscjSeqL14qtm,user,7876862838,f,0,2025-04-06 09:48:18.977463+00,2025-04-06 09:48:18.977463+00
157,Damore1331,lavadasteuber@wunsch.com,Loraine Bednar,$2a$10$QymDlEVIzq5hbD1GnAOH4.BTShEyI2YjC8qe1Mr/jB0GyNvnmVoT6,user,2652341987,f,0,2025-04-06 09:48:20.297161+00,2025-04-06 09:48:20.297161+00
158,Weissnat5658,efrentillman@ward.org,Coby Bode,$2a$10$.KFXrLkuPNsP7OGHPTJ9Te.AIl.L7mTYT014OAPH1VdVtaffmM/Ee,user,9185085678,f,0,2025-04-06 09:48:22.269313+00,2025-04-06 09:48:22.269313+00
159,Feeney3133,hipolitolabadie@vandervort.io,Yvette Waters,$2a$10$eRVR2G3DGDUpYViPBThm1OrQwiVgUljTF6bH4kEHO.J3H3pfsEHc.,user,8045111309,f,0,2025-04-06 09:48:24.116075+00,2025-04-06 09:48:24.116075+00
160,Treutel6136,russellwisoky@howell.io,Floy Zulauf,$2a$10$DZyvhUKIz5uFU3mz/0Nd0uiXjs9Ot461vawvq8lUfJL.gmMGeV/Z.,user,1268949729,f,0,2025-04-06 09:48:24.996253+00,2025-04-06 09:48:24.996253+00
161,Kris1712,shyannkiehn@hoppe.io,Herminia Rath,$2a$10$oQeI3NwhJI5A.Zd3D874C.7AAVuvjks3zKy/xgvoAyYGdTsUtDyE.,user,6630562738,f,0,2025-04-06 09:48:25.898957+00,2025-04-06 09:48:25.898957+00
162,Davis4045,willardabbott@aufderhar.io,Kayleigh Okuneva,$2a$10$wF78EzYXg7m9R8234OkksutvUiEl77drsCIlZh60z24YeugKGGiri,user,6004077612,f,0,2025-04-06 09:48:26.806483+00,2025-04-06 09:48:26.806483+00
163,Pfannerstill3986,laceydooley@orn.com,Keaton Hickle,$2a$10$Ine5dhnqG1oPAnebKFbpHODM62XuXPY2kLz5.llQ5lkW2ZQrlSkkm,user,3220637580,f,0,2025-04-06 09:48:27.701427+00,2025-04-06 09:48:27.701427+00
164,DuBuque4740,mossievandervort@jenkins.info,Carmine Wolff,$2a$10$PI1B86tnpjgqeL125jd9E.GUW62yuRhWYgjFSfRI.jcTTu3RnUVXu,user,1786962704,f,0,2025-04-06 09:48:28.599223+00,2025-04-06 09:48:28.599223+00
165,Kulas3486,reillysteuber@hauck.info,Derrick Ankunding,$2a$10$lLmsLVBHcuTbS8T.zR5Q0eJZjogj6hiu28OHUMMe.wyITPo.xqh66,user,2261769751,f,0,2025-04-06 09:48:29.50176+00,2025-04-06 09:48:29.50176+00
166,Kessler1246,otiliaklocko@leuschke.info,Tad Stehr,$2a$10$U1rpIhS66KM/YyfeUyPcVelHQ2.z7iLfe5txUTyUVutwLX/0XPdJ.,user,9703784531,f,0,2025-04-06 09:48:30.416112+00,2025-04-06 09:48:30.416112+00
167,Daugherty3799,feliperosenbaum@osinski.name,Abbey Murazik,$2a$10$pUZH5nZTSMYJ3BZywsw6EuCm0JayJPcRFTXyq2RRP41DBAdie.qwa,user,1003324121,f,0,2025-04-06 09:48:31.351963+00,2025-04-06 09:48:31.351963+00
168,Legros1803,aldalockman@hermann.com,Crystal Sawayn,$2a$10$RSxrgmF6VpauOxDrAh0bGuTihXEblYl8l2ppcP6768m4NPFhCD0a.,user,2767381579,f,0,2025-04-06 09:48:32.407248+00,2025-04-06 09:48:32.407248+00
169,Breitenberg9963,gaetanogibson@torp.info,Amiya Zieme,$2a$10$PxJvVMMgJfXzdjTOBk.gUOkR8coWBv6xPt9fDpglv2rHV3z2Fw8Wm,user,6379558323,f,0,2025-04-06 09:48:33.347134+00,2025-04-06 09:48:33.347134+00
170,Mayer6390,mariellestanton@cummings.biz,Delpha Huel,$2a$10$Y4RJ6OeB.nkvMXy9Wfy8cedzaahuMIcurxqv3by.ehqdUop.MplVC,user,1257279481,f,0,2025-04-06 09:48:34.266237+00,2025-04-06 09:48:34.266237+00
171,Reichert3047,tyrellmante@williamson.info,Sylvester Russel,$2a$10$z5L/th3fLiQeoswZbmc94eG7O./3FDl2mILMMzqS3ZvxfdKRJojrq,user,1607783231,f,0,2025-04-06 09:48:35.161267+00,2025-04-06 09:48:35.161267+00
172,Damore8148,edwinlindgren@zulauf.io,Piper Rau,$2a$10$aw0DmPlU7VgFt8sBgGlmtOA9OyxiLjNxtALy2582lX3km31iSKjR.,user,5150249402,f,0,2025-04-06 09:48:36.443352+00,2025-04-06 09:48:36.443352+00
173,Anderson3862,leifkertzmann@kris.io,Luz Boehm,$2a$10$J2VObN1Z9VwcJVTiEyTmoO41t302YJng4Kk/SlHPLRs05F/ExOOIC,user,6032184582,f,0,2025-04-06 09:48:37.785969+00,2025-04-06 09:48:37.785969+00
174,Corkery5494,dejajohns@kihn.biz,Carolyn Ebert,$2a$10$v6q9R52LZ9CQH1om1CxsruSSQ/G0/.bBNFjjXfm/oaq0xodrzsJuC,user,6285731654,f,0,2025-04-06 09:48:42.750921+00,2025-04-06 09:48:42.750921+00
175,Doyle1970,stonewiza@nicolas.io,Rosalind Heidenreich,$2a$10$39Kc6SNVhouh0EHa54x7CO9jeIvGqJ52OAXlv0I6Nf5A13otWf1pK,user,2222935948,f,0,2025-04-06 09:48:44.310151+00,2025-04-06 09:48:44.310151+00
176,Walsh2061,linwoodtorp@mueller.biz,Alessia Wolff,$2a$10$7OwkvneMHoDHbS0giknbf.ybR6UN3tJkgIDBzUefvlmN/pdkD0wPC,user,2156525022,f,0,2025-04-06 09:48:45.857909+00,2025-04-06 09:48:45.857909+00
177,Beatty3007,yadiraconnelly@ullrich.info,Antonina McLaughlin,$2a$10$7CHZNpmpLosQkQF7GpHQr.7tlDvi8EFAM3CMpDqTIx/LoAhbmyIFG,user,3557858840,f,0,2025-04-06 09:48:46.858862+00,2025-04-06 09:48:46.858862+00
178,Wiza1434,norwoodjacobson@bayer.info,Michale Dibbert,$2a$10$yCzM/8B.DnRIWgnZtTUIbuLOQ0rU2iIN16EBaEzHn/F2uj6THTZDa,user,5411732773,f,0,2025-04-06 09:48:47.806624+00,2025-04-06 09:48:47.806624+00
179,Schaden4268,asarau@barton.info,Elwin Bode,$2a$10$zFJy3lhdUimalGYvNhLuhuk9JI0Sj/WNJObQNcd.7gFNPnIc1J0Qe,user,9901644329,f,0,2025-04-06 09:48:48.74221+00,2025-04-06 09:48:48.74221+00
180,Zieme4239,friedakohler@keebler.name,Arlo Buckridge,$2a$10$U151Ptf2bJvL74I53NCrKul/SQDpOze5AV4nK3anKnuZbyeYX6naa,user,6555167183,f,0,2025-04-06 09:48:49.687565+00,2025-04-06 09:48:49.687565+00
181,Medhurst7362,akeemrowe@harris.name,Presley Casper,$2a$10$0DN6nlf6K5.kMp4fNJjht.7SzfPgrzZLD95w5Vkz3GqrmKPRjLj5S,user,4788753103,f,0,2025-04-06 09:48:50.577007+00,2025-04-06 09:48:50.577007+00
182,Armstrong4157,evieschiller@hills.biz,Jaida Robel,$2a$10$.TjREKoE25QkQlv1ErdAu.PUgiOTuYZwSXoIZ.YYzqTTPdxTKCtm6,user,7176195723,f,0,2025-04-06 09:48:51.533099+00,2025-04-06 09:48:51.533099+00
183,Johnston3001,susannakoepp@runte.io,Zack Botsford,$2a$10$ivHwgshgmHPvR0MCA/4ErOxfNziOy6TcfXfHR4bQG2VCx9B8pTI22,user,2627481814,f,0,2025-04-06 09:48:52.493113+00,2025-04-06 09:48:52.493113+00
184,VonRueden8314,madisenhilll@stiedemann.org,Zola Dooley,$2a$10$pFs7g515eyVogKMoFDAvJ.2zzurlFQGBYZdVEybvInga1H2jDc6I2,user,2478675197,f,0,2025-04-06 09:48:53.621123+00,2025-04-06 09:48:53.621123+00
185,Schaefer6224,cobystroman@turner.com,Andreanne Rutherford,$2a$10$3B6Bd1X3uasIeaWimQsFxOWGdmJvpVGp0j1LzDzEO5Pd7iYlk3wCW,user,2159343955,f,0,2025-04-06 09:48:55.447039+00,2025-04-06 09:48:55.447039+00
186,Wisoky7940,kielbrakus@effertz.info,Keanu Jaskolski,$2a$10$88vtn379gl1k6L.5mGIW4.HGm.qpN8ZJNZQpBbLvxesyUdVLs.tpy,user,9586683869,f,0,2025-04-06 09:48:56.337846+00,2025-04-06 09:48:56.337846+00
187,Dooley7275,annetillman@nader.name,Rickie Jenkins,$2a$10$e7nDzSHu5feKdvO/l4j/gObLZzTVpXDVLvSGA4YwAVK7HgDErav3e,user,5899088185,f,0,2025-04-06 09:48:57.198478+00,2025-04-06 09:48:57.198478+00
188,Gottlieb2954,toyrodriguez@koss.org,Emory Bosco,$2a$10$L5EFs4jS62lc4ML5Me.7POArKtQZ0z3qVQ1RRMX9Ofeh/z5cHGYkq,user,4312093891,f,0,2025-04-06 09:48:58.078677+00,2025-04-06 09:48:58.078677+00
189,Douglas6867,emiedubuque@dare.name,Orval Reynolds,$2a$10$kr603gt2g.36wTSBK7ViOewxscVvl2z0ZOtgQKRndPbWV47eue6pi,user,6156290393,f,0,2025-04-06 09:48:58.944467+00,2025-04-06 09:48:58.944467+00
190,Brown2544,nelsonweber@runte.com,Jarred Senger,$2a$10$biy8a2jTcQ0kryHaU8OZl.ghfPgietprD3MMCwMdhSmaxU1Em9CMe,user,9683648238,f,0,2025-04-06 09:48:59.837707+00,2025-04-06 09:48:59.837707+00
191,Lang7439,bertluettgen@larkin.name,Melody Hilpert,$2a$10$h67iDtUkhtEMXckiEGq6CO5u9FMmwHdp8nWckjPOcj/us9qfuDrpa,user,2893426982,f,0,2025-04-06 09:49:00.715438+00,2025-04-06 09:49:00.715438+00
192,Marvin9759,luigischuster@hahn.info,Carmela Fay,$2a$10$yHUO/uxR.mB9eG1jaJch8eyZlWGqBxbfS0onvTxj4g48TW7G7ixg6,user,7755700780,f,0,2025-04-06 09:49:01.608009+00,2025-04-06 09:49:01.608009+00
193,Wilkinson8659,vernaaltenwerth@fritsch.io,Kari Daniel,$2a$10$3H1d6mvOjfsVJ0GJb/1Aze2KUnMrf.ecFFpOvSWkbldkE7f9rKzde,user,5667589025,f,0,2025-04-06 09:49:02.480108+00,2025-04-06 09:49:02.480108+00
194,Hirthe7431,miltonbrekke@hermann.name,Lisette Eichmann,$2a$10$v8vJ1rIaeFfv2YO3Yqn.auGgMnd8Tz7NVTNap/CPv6VvVbpUdpvnm,user,6309470525,f,0,2025-04-06 09:49:03.344448+00,2025-04-06 09:49:03.344448+00
195,Conroy2658,kamrenstreich@watsica.name,Jed Parker,$2a$10$qvkbSHaSh1uLm5Tz4YZmNuHI2Iv1YAJGO6AlvGfsirgRhjXy5/z7O,user,9472383821,f,0,2025-04-06 09:49:04.225929+00,2025-04-06 09:49:04.225929+00
196,Doyle7136,madalynbraun@bernier.biz,Estefania Williamson,$2a$10$Hbr7i/k9Vc.xGaTtOKSj6OPwVT7oW/JzeY3e70Qkxb5uNJhnitcxa,user,1935641978,f,0,2025-04-06 09:49:05.107843+00,2025-04-06 09:49:05.107843+00
197,Schmidt3790,wayneemmerich@collins.biz,Andreanne Smitham,$2a$10$y/X0Cxreme7wBQkY6XC/7eqJiXCelBKP51VcrqQLydBA6lS1DZR0u,user,2810428287,f,0,2025-04-06 09:49:05.981384+00,2025-04-06 09:49:05.981384+00
198,Predovic4743,aprilmitchell@beahan.biz,Adah Berge,$2a$10$J9xoZ3Blfltfe8J/bPnjLeFdFggb.jXwBHY4sr0z87VLykosXBtG.,user,2356985545,f,0,2025-04-06 09:49:06.875583+00,2025-04-06 09:49:06.875583+00
199,Gerhold3271,madisonmurphy@jacobs.info,Lexus Runte,$2a$10$H7NptQ6cHgjl83ndU2exaelFDXHpXUKX6z7J43RUhIdgx9Unm/QnW,user,5136282771,f,0,2025-04-06 09:49:07.771715+00,2025-04-06 09:49:07.771715+00
200,Glover5650,tyrelcorkery@orn.name,Diamond Welch,$2a$10$yQrMA3dHdz87fwy1jGU3juwC3UJZFKLqX8rGfDIIRJGi1fCvQkxsK,user,4424897784,f,0,2025-04-06 09:49:19.04786+00,2025-04-06 09:49:19.04786+00
201,Considine7975,majorschimmel@wilkinson.com,Lavina Sporer,$2a$10$6ISAjPTT4cW24DN0SV6u8eiOZMD3J7asxUeboyUlTmLK0C9nN341O,user,6828560206,f,0,2025-04-06 09:49:20.275533+00,2025-04-06 09:49:20.275533+00
202,Frami3552,adasenger@schowalter.biz,Ransom Kulas,$2a$10$pYDXzFRpWmqktdsOYTcA7ecxz2zIgL2mRzRdpb7swOL07MHNgNcRe,user,3171106796,f,0,2025-04-06 09:49:21.892432+00,2025-04-06 09:49:21.892432+00
203,Heller4681,giannirosenbaum@dickinson.com,Chase Glover,$2a$10$scNml6tjfCCjh5Fkh7VsZOv4teg8jaf1WBoavHiyJ2SG16sAmWL5W,user,9206596722,f,0,2025-04-06 09:49:22.777811+00,2025-04-06 09:49:22.777811+00
204,Satterfield9140,rebeccarogahn@jacobs.org,Doyle Doyle,$2a$10$8b80Y3zbs0Uzq5zOU7SO/.6Bmr6w6Rvnzp0ZNWzLyiegM5QuYAyKu,user,1647155507,f,0,2025-04-06 09:49:23.650818+00,2025-04-06 09:49:23.650818+00
205,Davis3796,adolftromp@hudson.name,Ursula Gulgowski,$2a$10$sXc7ShuZ8ykNs9aSK3Crwuc0OY9GYtrsi6kDk7hQaD4AYiWVhIEJm,user,5041707018,f,0,2025-04-06 09:49:24.793908+00,2025-04-06 09:49:24.793908+00
206,Pollich8555,carmenkeeling@legros.info,Vergie Schmeler,$2a$10$26WBSWF1isyBjhtomOKobOgP1G9Eqs0N7xovtbX6ERI/fz7OB5Z1O,user,7759367650,f,0,2025-04-06 09:49:26.676876+00,2025-04-06 09:49:26.676876+00
207,Effertz3220,rextromp@schulist.com,April Carroll,$2a$10$3.rl7/Z0iQWKXFJfvpA9QOzIVjwFnVtBK3PGhwz8006NNxLJFk0cK,user,1637737451,f,0,2025-04-06 09:49:27.55562+00,2025-04-06 09:49:27.55562+00
208,Damore9225,domenicktoy@mosciski.io,Winnifred Effertz,$2a$10$HC5wx6c7F9HWiiPHUTCk0.1XUZTs9uLKufqIVyjQeArq63d8LJdkG,user,4047452065,f,0,2025-04-06 09:49:28.430468+00,2025-04-06 09:49:28.430468+00
209,Bahringer8250,jaquanking@dietrich.name,Aisha Schulist,$2a$10$BigbKP9LhBNO7qZRALX.HOJtvpYEk6kio1A3w/3h6n9Bt1y0sOw6S,user,8708573219,f,0,2025-04-06 09:49:29.306392+00,2025-04-06 09:49:29.306392+00
210,Green6907,aryannagerlach@altenwerth.info,Cruz Dietrich,$2a$10$vY2qHbZqnXKlzMU.Q0/a.O2TJKJcmC7xIfcQy2ufQdW97PJX4fbzO,user,4194201556,f,0,2025-04-06 09:49:30.229252+00,2025-04-06 09:49:30.229252+00
211,Feil7033,juliannemclaughlin@vonrueden.name,Pearl Howe,$2a$10$9vOR8BlfGtqI5IbGHM.hv.Eqmvr9BY8EtO9ojaf0cWCa9O1xiaLhe,user,4256811910,f,0,2025-04-06 09:49:31.131012+00,2025-04-06 09:49:31.131012+00
212,Heller4210,daniellehegmann@cole.net,Brook Wilderman,$2a$10$mueBeb1uukSIS0gU.YnRYeEb6XlvwvxfvXPjqfcAE.WgGaBwO0r..,user,7383976318,f,0,2025-04-06 09:49:32.421888+00,2025-04-06 09:49:32.421888+00
213,Kuhlman8641,coyprosacco@beer.info,Darwin Feest,$2a$10$JfxMoM25olKGQY2G6ktn7.YD1Ct5FGVH8.4/SNhuDpcJW2gDK3CEi,user,4666649686,f,0,2025-04-06 09:49:33.334053+00,2025-04-06 09:49:33.334053+00
214,Fadel2933,myleneauer@lebsack.name,Destiny Heathcote,$2a$10$DI18Rd5H21ZqlAIc.K96uOUQg8CykyngLvLSp3NhrbVFYKqhSA2om,user,9605317133,f,0,2025-04-06 09:49:34.206586+00,2025-04-06 09:49:34.206586+00
215,Wunsch8914,sydneyjacobi@predovic.io,Lorna Wisozk,$2a$10$C9yFlF8DUlmLT6TtWsa9f.9setfD8lLKm.W6XeBFMzKdXEW7Qju6K,user,2375829713,f,0,2025-04-06 09:49:35.093097+00,2025-04-06 09:49:35.093097+00
216,Schamberger1771,ariannavandervort@reichel.name,Haskell Trantow,$2a$10$xZPwhWFzIVK/MwZ7wOd7XOtM8Qv/1ELLI2E8GR1eeoj1V3e/XHHvy,user,4273417485,f,0,2025-04-06 09:49:36.028699+00,2025-04-06 09:49:36.028699+00
217,Baumbach8531,lenniegreen@pfannerstill.org,Carlo McGlynn,$2a$10$QDU1k7Y6akK0qqA4os3VE.V/5Qu9y5l50jRNnTcXH.9azXUSYG3YK,user,1781395211,f,0,2025-04-06 09:49:36.921952+00,2025-04-06 09:49:36.921952+00
218,Stehr7027,violetswift@klocko.info,Agnes Miller,$2a$10$TNBAk.UJIHT5xGWxCx85YeLCsOO90xNtGCMEe/3DgvOA6uXCR6Lza,user,5955711018,f,0,2025-04-06 09:49:37.861525+00,2025-04-06 09:49:37.861525+00
219,Trantow4050,christyweissnat@schoen.name,Lia Kuphal,$2a$10$t2HJkYoK6DCQJc.BRq0m8eN0v1NHlcFSAF09n6N.N3lGA7yDtdQEy,user,3717128970,f,0,2025-04-06 09:49:38.764531+00,2025-04-06 09:49:38.764531+00
220,Collins9955,benniemcdermott@orn.org,Anjali Ullrich,$2a$10$2MBAx19HIy14yhPIUxlWHed49619t4t9GV6uespeKR9U6KzBrBe7O,user,2122329026,f,0,2025-04-06 09:49:39.660679+00,2025-04-06 09:49:39.660679+00
221,Sauer6395,devintremblay@waelchi.name,Yoshiko Bode,$2a$10$Rv0n2F.bDDjfVv8MbVn0o.N.0ECkbB8sc4SaV6WT/bShAiQJc/GHe,user,6608857207,f,0,2025-04-06 09:49:40.653905+00,2025-04-06 09:49:40.653905+00
222,Bartoletti6282,bradboehm@littel.net,Christelle Mante,$2a$10$B6o.rwA6cdJbo22QKMCp5uGIdqA1BAcS3XLcOcuThJBrNxymEBY4y,user,3402229761,f,0,2025-04-06 09:49:41.662342+00,2025-04-06 09:49:41.662342+00
223,Hills4898,lianazieme@pagac.io,Georgette Champlin,$2a$10$XYQYoXD03yM1QyVZixG5yuan2l4yvb3qMx8tP34Z90KDhZi2eM.Nu,user,6023734987,f,0,2025-04-06 09:49:42.925124+00,2025-04-06 09:49:42.925124+00
224,Okuneva8128,jenniferreinger@kuhlman.info,Mona Kassulke,$2a$10$dzGM9LvCK5kCN7pjkgjVNeQEffTpZroCwb2DWFmq7dg5FhlunOsgO,user,6979622575,f,0,2025-04-06 09:49:44.212956+00,2025-04-06 09:49:44.212956+00
225,Donnelly8783,elverawolf@franecki.io,Floy Gutmann,$2a$10$s0tESZqOrIE3R9uwNm1Q2O6LxQBVqwuP4CfP8pcN7zOeA7km3ciXW,user,8925770650,f,0,2025-04-06 09:49:45.515069+00,2025-04-06 09:49:45.515069+00
226,Lindgren7554,alphonsoeffertz@zieme.net,Rozella Hessel,$2a$10$Yn9SPDPuWsD2KTaeyCNCZeluNlvgsSSzjrrgBOpCTC6hGBj8ESBHa,user,1063377302,f,0,2025-04-06 09:49:46.400647+00,2025-04-06 09:49:46.400647+00
227,Hodkiewicz8227,adellalubowitz@homenick.biz,Rozella Blick,$2a$10$f2GX4YTij.i8/Ohs/4nGbeSLEW0LuKwNlI7JWraAy1eh7.mvcjSMu,user,3353205148,f,0,2025-04-06 09:49:47.289487+00,2025-04-06 09:49:47.293727+00
229,Hermiston8679,mollielindgren@schultz.com,Shayna Schuster,$2a$10$kEYpRmsj34QlqptdYuQtWelhrxTgB/UlewEgncokiHeTUyxOb64SO,user,1893771675,f,0,2025-04-06 09:49:49.04148+00,2025-04-06 09:49:49.04148+00
230,Becker9557,roxanereinger@russel.info,Irving Smith,$2a$10$eQabK76Nbq8ZxiUpCOdYIu6k2qtISmoXsISDWxZfbjlJp9QtpKZzC,user,5511679401,f,0,2025-04-06 09:49:49.90966+00,2025-04-06 09:49:49.90966+00
231,Heathcote5003,meggieharber@hartmann.biz,Christine Boehm,$2a$10$G0VShqE6Zj1PmW.ytwI5buRQ2oxp8TZ4paikSvn7dYhzkP/oA9Fae,user,4317957193,f,0,2025-04-06 09:49:50.806706+00,2025-04-06 09:49:50.806706+00
232,Sporer6735,stellaboehm@harber.com,Julio Hodkiewicz,$2a$10$smsxsrHZWdiQES.CxAI7ZO043QwC7gq2OVxahZpvBbw8wQHVqw2F6,user,2338647665,f,0,2025-04-06 09:49:51.777374+00,2025-04-06 09:49:51.777374+00
233,Becker2814,wayneherzog@schumm.com,Lia Thompson,$2a$10$nlvGdaYP7sWC8kwP/TlA9u1MP1.KwRZ74lP6SUPkGfNcNuCDtBv1y,user,2971277895,f,0,2025-04-06 09:49:52.680472+00,2025-04-06 09:49:52.680472+00
234,Oberbrunner8959,natashatreutel@considine.name,Keven Considine,$2a$10$ET4Cqtd746gyV2xZ/qrUFuLNNyQ3pHGk48fp/E9VwLPav9oCUNPUm,user,2963090627,f,0,2025-04-06 09:49:53.56555+00,2025-04-06 09:49:53.56555+00
235,Robel8391,elisabethkoch@pagac.io,Ike Powlowski,$2a$10$uNbSUhR1XKaBbzGIkzUy4eD1ClwlMY66sUjIbtuvQ0YpJTgHptlMC,user,9682248485,f,0,2025-04-06 09:49:54.433207+00,2025-04-06 09:49:54.433207+00
236,Bailey6745,minaschaden@ullrich.name,Cassidy Fahey,$2a$10$t/jQ7Rgt3nN7X1OHndY26.g6tax9hs2b5zKiwcuo0y034UtJLludC,user,6378979390,f,0,2025-04-06 09:49:55.550841+00,2025-04-06 09:49:55.550841+00
237,Lockman9545,solonlemke@schneider.com,Jay Abernathy,$2a$10$23xCTmMtXJ/NhZlOJmV/xejb5..9c/Qad4fOB8f8xV0t8j90ZMLKi,user,4419222342,f,0,2025-04-06 09:49:57.275184+00,2025-04-06 09:49:57.275184+00
238,Willms5609,jackymiller@gutmann.net,Imelda Adams,$2a$10$51ZZfgGP7LFpafRrvQgCXemz8D62ohpeoAJAj2rh00Am1iPGnsr6e,user,8094140218,f,0,2025-04-06 09:49:58.163304+00,2025-04-06 09:49:58.163304+00
239,Kirlin1601,agneshickle@lemke.name,Alfonzo Batz,$2a$10$u7oahJ2eZ8dm7q4rJ3p05OrBWbd6ynI4hrM6G9faPLXsMUexEkP2q,user,7796259327,f,0,2025-04-06 09:49:59.055832+00,2025-04-06 09:49:59.055832+00
240,Schamberger2772,dinowilliamson@bernhard.com,Lorine Kertzmann,$2a$10$S7AhCAVwuIYRU53NSoTUGeaeBtFHRhqQJa/wy/Zc/pwtj0L/I60wy,user,9577800356,f,0,2025-04-06 09:49:59.922063+00,2025-04-06 09:49:59.922063+00
241,Kuhic5825,abigalebeer@muller.info,Araceli Stokes,$2a$10$78tmq.NvIHmiGQw0NK3tQeToSWFUg1uhSlp5kgCMI7gFOW/cpsldy,user,1526410617,f,0,2025-04-06 09:50:00.794121+00,2025-04-06 09:50:00.794121+00
242,Littel9840,tressiepfeffer@durgan.info,Shyanne Cartwright,$2a$10$sx3PlpHZ/PTYkq12lyDujej2.rPqr0BE3jlc4D/iEVR4wjXEQHTnO,user,3353727326,f,0,2025-04-06 09:50:01.669989+00,2025-04-06 09:50:01.669989+00
243,Rath4256,otisschaden@hermann.name,Wyman Marquardt,$2a$10$S63Omx9NMsInvZf9kaJIf.1IkfFU43I/Es22zNtgcl02jJHGJtq.S,user,7235234716,f,0,2025-04-06 09:50:02.542483+00,2025-04-06 09:50:02.542483+00
244,Purdy4045,kennithrunte@casper.biz,Sincere Lang,$2a$10$JcdX3Q07EP/eW6vrPJ3/1uTwxthgv/CkJ8eECT5RlZuDoZMiwkTrG,user,5294934731,f,0,2025-04-06 09:50:03.442098+00,2025-04-06 09:50:03.442098+00
245,Carroll3827,trudiehudson@durgan.org,Randal Terry,$2a$10$cVLfRGyCVxFCxz1o/2XIDO1SGf59OqHck/siIqBOn6gm8LDJOw91q,user,6930447567,f,0,2025-04-06 09:50:04.329714+00,2025-04-06 09:50:04.329714+00
246,Kozey4814,isadorebalistreri@berge.name,Nakia Kris,$2a$10$VAgT2MJjBypvKX2lIfHtAOA5CzdpVTDvHFwFRv3RHPpUnLaTZXYuW,user,9421255250,f,0,2025-04-06 09:50:05.197761+00,2025-04-06 09:50:05.197761+00
247,Smith6592,carissablanda@weimann.org,Brando Mertz,$2a$10$0QAHWJvt3GJl.hveT7rqTeGM2d30pEiJq3VoxpmnNPqGh1D0wXOoW,user,3184559597,f,0,2025-04-06 09:50:06.086665+00,2025-04-06 09:50:06.086665+00
248,Oberbrunner5281,adonisoreilly@spinka.com,Alessandra Collier,$2a$10$YTtvOi.JBtAsIKkcsorE6.Uox/mX3DKFUW3tVjO3DN.mRyOR75Qve,user,6720640633,f,0,2025-04-06 09:50:06.954826+00,2025-04-06 09:50:06.954826+00
